"Table 2.2: Crop production by Region, 2008",,,,,,,,,,,,,,,,,,,,,,
,,,,,,,,,,,,,,,,,,,,,,
No.,Crops,Topic,Western,Central,Greater Accra,Volta,Eastern,Ashanti,Brong Ahafo,Northern,Upper East,Upper West,,,,,,,,,,
1,Maize,Area planted (Ha),"54,140.0","112,498.0","3,106.0","45,228.0","142,311.0","145,024.0","204,399.0","77,351.0","23,763.0","38,438.0",,,,,,,,,,
2,,Area harvested (Ha),,,,,,,,,,,,,,,,,,,,
3,,Farm Count,"77,553.0","225,214.0","2,763.0","72,858.0","280,806.0","182,848.0","402,688.0","131,857.0","38,256.0","55,233.0",,,,,,,,,,
4,,Yield (Mt/Ha),1.0,2.0,1.0,2.0,2.0,1.0,2.0,2.0,2.0,1.0,,,,,,,,,,
1,Millet,Area planted (Ha),                       -   ,                       -   ,                   -   ,                       -   ,                       -   ,                       -   ,                       -   ,"53,308.0","65,342.0","63,581.0",,,,,,,,,,
2,,Area harvested (Ha),,,,,,,,,,,,,,,,,,,,
3,,Farm Count,                       -   ,                       -   ,                   -   ,                       -   ,                       -   ,                       -   ,                       -   ,"66,108.0","68,362.0","59,365.0",,,,,,,,,,
4,,Yield (Mt/Ha),                       -   ,                       -   ,                   -   ,                       -   ,                       -   ,                       -   ,                       -   ,1.0,1.0,1.0,,,,,,,,,,
1,Rice (Paddy),Area planted (Ha),"14,883","3,935","1,945","18,134","7,047","9,294","3,567","43,312","26,934","3,745",,,,,,,,,,
2,,Area harvested (Ha),,,,,,,,,,,,,,,,,,,,
3,,Farm Count,"19,067","4,819","2,679","43,944","17,757","10,589","4,810","105,497","86,418","6,341",,,,,,,,,,
4,,Yield (Mt/Ha),1.0,1.0,1.0,2.0,2.0,1.0,1.0,2.0,3.0,1.0,,,,,,,,,,
1,Sorghum,Area planted (Ha),                       -   ,                       -   ,                   -   ,                       -   ,                       -   ,                       -   ,                       -   ,"74,682.0","96,602.0","100,253.0",,,,,,,,,,
2,,Area harvested (Ha),,,,,,,,,,,,,,,,,,,,
3,,Farm Count,                       -   ,                       -   ,                   -   ,                       -   ,                       -   ,                       -   ,                       -   ,"98,809.0","125,177.0","102,032.0",,,,,,,,,,
4,,Yield (Mt/Ha),                       -   ,                       -   ,                   -   ,                       -   ,                       -   ,                       -   ,                       -   ,1.0,1.0,1.0,,,,,,,,,,
1,Cassava,Area planted (Ha),"72,671.0","125,878.0","6,522.0","100,518.0","182,366.0","116,942.0","177,347.0","57,678.0",                   -   ,                   -   ,,,,,,,,,,
2,,Area harvested (Ha),,,,,,,,,,,,,,,,,,,,
3,,Farm Count,"707,894.0","1,992,384.0","64,279.0","1,357,227.0","2,929,343.0","1,205,218.0","2,489,550.0","605,201.0",                   -   ,                   -   ,,,,,,,,,,
4,,Yield (Mt/Ha),10.0,16.0,10.0,14.0,16.0,10.0,14.0,10.0,                   -   ,                   -   ,,,,,,,,,,
1,Cocoyam,Area planted (Ha),"41,928.0","16,931.0",                   -   ,"6,151.0","49,328.0","82,371.0","55,143.0",                       -   ,                   -   ,                   -   ,,,,,,,,,,
2,,Area harvested (Ha),,,,,,,,,,,,,,,,,,,,
3,,Farm Count,"253,714.0","91,771.0",                   -   ,"42,883.0","408,803.0","519,014.0","372,149.0",                       -   ,                   -   ,                   -   ,,,,,,,,,,
4,,Yield (Mt/Ha),6.0,5.0,                   -   ,7.0,8.0,6.0,6.0,                       -   ,                   -   ,                   -   ,,,,,,,,,,
1,Plantain,Area planted (Ha),"56,215.0","16,491.0",                   -   ,"8,028.0","79,656.0","89,287.0","62,137.0",                       -   ,                   -   ,                   -   ,,,,,,,,,,
2,,Area harvested (Ha),,,,,,,,,,,,,,,,,,,,
3,,Farm Count,"558,083.0","157,838.0",                   -   ,"59,437.0","764,679.0","915,508.0","882,145.0",                       -   ,                   -   ,                   -   ,,,,,,,,,,
4,,Yield (Mt/Ha),10.0,8.0,                   -   ,7.0,10.0,10.0,11.0,                       -   ,                   -   ,                   -   ,,,,,,,,,,
1,Yam,Area planted (Ha),"11,980","2,902",                   -   ,"25,547","38,682","31,497","118,147","98,379",                   -   ,"20,432",,,,,,,,,,
2,,Area harvested (Ha),"99,719","16,900",                   -   ,"352,190","686,875","388,548","1,958,932","1,082,349",                   -   ,"309,334",,,,,,,,,,
3,,Farm Count,,,,,,,,,,,,,,,,,,,,
4,,Yield (Mt/Ha),8.0,6.0,                   -   ,14.0,18.0,12.0,17.0,11.0,                   -   ,15.0,,,,,,,,,,
1,Soya Bean,Area planted (Ha),                       -   ,                       -   ,                   -   ,                       -   ,                       -   ,                       -   ,                       -   ,"34,424","13,517","13,883",,,,,,,,,,
2,,Area harvested (Ha),,,,,,,,,,,,,,,,,,,,
3,,Farm Count,                       -   ,                       -   ,                   -   ,                       -   ,                       -   ,                       -   ,                       -   ,"48,853","13,136","12,804",,,,,,,,,,
4,,Yield (Mt/Ha),                       -   ,                       -   ,                   -   ,                       -   ,                       -   ,                       -   ,                       -   ,1.0,1.0,1.0,,,,,,,,,,
1,Groundnut,Area planted (Ha),                       -   ,                       -   ,                   -   ,                       -   ,                       -   ,"43,562.0",                       -   ,"110,948.0","73,150.0","122,996.0",,,,,,,,,,
2,,Area harvested (Ha),,,,,,,,,,,,,,,,,,,,
3,,Farm Count,                       -   ,                       -   ,                   -   ,                       -   ,                       -   ,"63,165.0",                       -   ,"147,539.0","89,810.0","169,586.0",,,,,,,,,,
4,,Yield (Mt/Ha),                       -   ,                       -   ,                   -   ,                       -   ,                       -   ,1.0,                       -   ,1.0,1.0,1.0,,,,,,,,,,
1,Cowpea,Area planted (Ha),                       -   ,                       -   ,                   -   ,                       -   ,                       -   ,                       -   ,                       -   ,53078.0,46907.0,61285.0,,,,,,,,,,
2,,Area harvested (Ha),,,,,,,,,,,,,,,,,,,,
3,,Farm Count,                       -   ,                       -   ,                   -   ,                       -   ,                       -   ,                       -   ,                       -   ,60864.0,48652.0,70164.0,,,,,,,,,,
4,,Yield (Mt/Ha),                       -   ,                       -   ,                   -   ,                       -   ,                       -   ,                       -   ,                       -   ,1.0,1.0,1.0,,,,,,,,,,
,,,,,,,,,,,,,,,,,,,,,,
"Table 2.3: Crop production by Region, 2009",,,,,,,,,,,,,,,,,,,,,,
No.,Crops,Topic,Western,Central,Greater Accra,Volta,Eastern,Ashanti,Brong Ahafo,Northern,Upper East, Upper West,,,,,,,,,,
1,Maize,Area planted (Ha),"55,140.0","114,540.0","3,610.0","52,690.0","169,000.0","146,040.0","246,270.0","100,641.0","31,040.0","45,600.0",,,,,,,,,,
2,,Area harvested (Ha),"55,140.0","114,540.0","3,610.0","52,690.0","169,000.0","146,040.0","246,270.0","100,641.0","31,040.0","45,600.0",,,,,,,,,,
3,,Farm Count,"79,021.0","231,238.0","3,312.0","97,064.0","303,400.0","186,829.0","446,263.0","167,501.0","51,140.0","70,660.0",,,,,,,,,,
4,,Yield (Mt/Ha),1.0,2.0,1.0,2.0,2.0,1.0,2.0,2.0,2.0,2.0,, ,,,,,,,,
1,Millet,Area planted (Ha),                       -   ,                         -   ,                    -   ,                         -   ,                         -   ,                         -   ,                         -   ,"55,973.0","63,920.0","66,800.0",,,,,,,,,,
2,,Area harvested (Ha),                       -   ,                         -   ,                    -   ,                         -   ,                         -   ,                         -   ,                         -   ,"55,973.0","63,920.0","66,800.0",,,,,,,,,,
3,,Farm Count,                       -   ,                         -   ,                    -   ,                         -   ,                         -   ,                         -   ,                         -   ,"94,077.0","79,630.0","71,840.0",,,,,,,,,,
4,,Yield (Mt/Ha),                       -   ,                         -   ,                    -   ,                         -   ,                         -   ,                         -   ,                         -   ,2.0,1.0,1.0,,,,,,,,,,
1,Rice (Paddy),Area planted (Ha),"15,280.0","4,160.0","2,010.0","20,460.0","7,310.0","9,560.0","3,710.0","72,841.0","39,830.0","4,200.0",,,,,,,,,,
2,,Area harvested (Ha),"15,280.0","4,160.0","2,010.0","20,460.0","7,310.0","9,560.0","3,710.0","72,841.0","39,830.0","4,200.0",,,,,,,,,,
3,,Farm Count,"20,107.0","5,090.0","2,958.0","60,691.0","19,739.0","12,435.0","5,796.0","190,089.0","111,270.0","7,610.0",,,,,,,,,,
4,,Yield (Mt/Ha),1.0,1.0,1.0,3.0,3.0,1.0,2.0,3.0,3.0,2.0,,,,,,,,,,
1,Sorghum,Area planted (Ha),                       -   ,                         -   ,                    -   ,"4,350.0",                         -   ,                         -   ,                         -   ,"78,417.0","70,540.0","113,900.0",,,,,,,,,,
2,,Area harvested (Ha),                       -   ,                         -   ,                    -   ,"4,350.0",                         -   ,                         -   ,                         -   ,"78,417.0","70,540.0","113,900.0",,,,,,,,,,
3,,Farm Count,                       -   ,                         -   ,                    -   ,"5,055.0",                         -   ,                         -   ,                         -   ,"136,577.0","87,500.0","121,420.0",,,,,,,,,,
4,,Yield (Mt/Ha),                       -   ,                         -   ,                    -   ,1.0,                         -   ,                         -   ,                         -   ,2.0,1.0,1.0,,,,,,,,,,
1,Cassava,Area planted (Ha),"73,080.0","128,680.0","6,450.0","104,730.0","183,650.0","117,370.0","179,710.0","92,130.0",             -   ,                   -   ,,,,,,,,,,
2,,Area harvested (Ha),"73,080.0","128,680.0","6,450.0","104,730.0","183,650.0","117,370.0","179,710.0","92,130.0",             -   ,                   -   ,,,,,,,,,,
3,,Farm Count,"668,909.0","2,036,500.0","67,565.0","1,558,531.0","3,062,770.0","1,255,177.0","2,606,913.0","961,265.0",             -   ,                   -   ,,,,,,,,,,
4,,Yield (Mt/Ha),9.0,209.0,10.0,15.0,17.0,11.0,15.0,10.0,             -   ,                   -   ,,,,,,,,,,
1,Cocoyam,Area planted (Ha),"40,930.0","16,830.0",                    -   ,"6,150.0","42,400.0","68,370.0","49,890.0",                         -   ,             -   ,                   -   ,,,,,,,,,,
2,,Area harvested (Ha),"40,930.0","16,830.0",                    -   ,"6,150.0","42,400.0","68,370.0","49,890.0",                         -   ,             -   ,                   -   ,,,,,,,,,,
3,,Farm Count,"232,852.0","94,158.0",                    -   ,"44,099.0","358,125.0","428,064.0","334,851.0",                         -   ,             -   ,                   -   ,,,,,,,,,,
4,,Yield (Mt/Ha),6.0,6.0,                    -   ,7.0,8.0,6.0,7.0,                         -   ,             -   ,                   -   ,,,,,,,,,,
1,Plantain,Area planted (Ha),"58,870.0","16,790.0",                    -   ,"7,960.0","83,450.0","91,970.0","65,830.0",                         -   ,             -   ,                   -   ,,,,,,,,,,
2,,Area harvested (Ha),"58,870.0","16,790.0",                    -   ,"7,960.0","83,450.0","91,970.0","65,830.0",                         -   ,             -   ,                   -   ,,,,,,,,,,
3,,Farm Count,"579,033.0","155,929.0",                    -   ,"63,024.0","842,210.0","960,149.0","952,416.0",                         -   ,             -   ,                   -   ,,,,,,,,,,
4,,Yield (Mt/Ha),10.0,9.0,                    -   ,8.0,10.0,10.0,163.0,                         -   ,             -   ,                   -   ,,,,,,,,,,
1,Yam,Area planted (Ha),"12,000.0","2,970.0",                    -   ,"25,210.0","40,550.0","32,440.0","127,670.0","115,918.0",             -   ,"21,980.0",,,,,,,,,,
2,,Area harvested (Ha),"12,000.0","2,970.0",                    -   ,"25,210.0","40,550.0","32,440.0","127,670.0","115,918.0",             -   ,"21,980.0",,,,,,,,,,
3,,Farm Count,"88,347.0","17,296.0",                    -   ,"360,892.0","762,050.0","437,026.0","2,377,022.0","1,337,701.0",             -   ,"385,820.0",,,,,,,,,,
4,,Yield (Mt/Ha),7.0,51.0,                    -   ,14.0,19.0,13.0,19.0,12.0,             -   ,18.0,,,,,,,,,,
1,Soya Bean,Area planted (Ha),                       -   ,                         -   ,                    -   ,                         -   ,                         -   ,,                         -   ,"42,559.0","20,320.0","14,370.0",,,,,,,,,,
2,,Area harvested (Ha),                       -   ,                         -   ,                    -   ,                         -   ,                         -   ,,                         -   ,"42,559.0","20,320.0","14,370.0",,,,,,,,,,
3,,Farm Count,                       -   ,                         -   ,                    -   ,                         -   ,                         -   ,,                         -   ,"72,789.0","20,170.0","19,870.0",,,,,,,,,,
4,,Yield (Mt/Ha),                       -   ,                         -   ,                    -   ,                         -   ,                         -   ,,                         -   ,2.0,1.0,1.0,,,,,,,,,,
1,Groundnut,Area planted (Ha),                       -   ,                         -   ,                    -   ,                         -   ,                         -   ,"4,460.0",                         -   ,"126,481.0","80,070.0","125,500.0",,,,,,,,,,
2,,Area harvested (Ha),                       -   ,                         -   ,                    -   ,                         -   ,                         -   ,"4,460.0",                         -   ,"126,481.0","80,070.0","125,500.0",,,,,,,,,,
3,,Farm Count,                       -   ,                         -   ,                    -   ,                         -   ,                         -   ,"6,571.0",                         -   ,"213,943.0","63,870.0","200,710.0",,,,,,,,,,
4,,Yield (Mt/Ha),                       -   ,                         -   ,                    -   ,                         -   ,                         -   ,1.0,                         -   ,2.0,1.0,2.0,,,,,,,,,,
1,Cowpea,Area planted (Ha),                       -   ,                         -   ,                    -   ,                         -   ,                         -   ,                         -   ,                         -   ,"61,040.0","33,530.0","68,100.0",,,,,,,,,,
2,,Area harvested (Ha),                       -   ,                         -   ,                    -   ,                         -   ,                         -   ,                         -   ,                         -   ,"61,040.0","33,530.0","68,100.0",,,,,,,,,,
3,,Farm Count,                       -   ,                         -   ,                    -   ,                         -   ,                         -   ,                         -   ,                         -   ,"98,820.0","26,780.0","79,230.0",,,,,,,,,,
4,,Yield (Mt/Ha),                       -   ,                         -   ,                    -   ,                         -   ,                         -   ,                         -   ,                         -   ,2.0,1.0,1.0,,,,,,,,,,
,,,,,,,,,,,,,,,,,,,,,,
"Table 2.4: Crop production by Region, 2010",,,,,,,,,,,,,,,,,,,,,,
No.,Crops,Topic,Western,Central,Greater Accra,Volta,Eastern,Ashanti,Brong Ahafo,Northern,Upper East,Upper West,,,,,,,,,,
1,Maize,Area planted (Ha),"50,720.0","103,070.0","3,638.0","52,070.0","173,050.0","153,451.0","250,950.0","110,430.0","37,920.0","56,370.0",,,,,,,,,,
2,,Area harvested (Ha),,,,,,,,,,,,,,,,,,,,
3,,Farm Count,"74,191.0","195,394.0","3,584.0","93,887.0","380,505.0","253,374.0","510,172.0","202,316.0","62,256.0","96,018.0",,,,,,,,,,
4,,Yield (Mt/Ha),1.0,2.0,1.0,2.0,2.0,2.0,2.0,2.0,2.0,2.0,,,,,,,,,,
1,Millet,Area planted (Ha),                       -   ,                         -   ,                    -   ,                         -   ,                         -   ,                         -   ,                         -   ,50290.0,60720.0,65590.0,,,,,,,,,,
2,,Area harvested (Ha),,,,,,,,,,,,,,,,,,,,
3,,Farm Count,                       -   ,                         -   ,                    -   ,                         -   ,                         -   ,                         -   ,                         -   ,90619.0,64086.0,64247.0,,,,,,,,,,
4,,Yield (Mt/Ha),                       -   ,                         -   ,                    -   ,                         -   ,                         -   ,                         -   ,                         -   ,2.0,1.0,1.0,,,,,,,,,,
1,Rice (Paddy),Area planted (Ha),"17,130.0","4,290.0","2,323.0","21,860.0","6,630.0","10,115.0","4,020.0","62,930.0","47,361.0","4,570.0",,,,,,,,,,
2,,Area harvested (Ha),,,,,,,,,,,,,,,,,,,,
3,,Farm Count,"23,022.0","5,241.0","12,741.0","67,229.0","20,703.0","27,705.0","6,478.0","185,877.0","135,221.0","8,317.0",,,,,,,,,,
4,,Yield (Mt/Ha),1.0,1.0,5.0,3.0,3.0,3.0,2.0,3.0,3.0,2.0,,,,,,,,,,
1,Sorghum,Area planted (Ha),                       -   ,                         -   ,                    -   ,"4,340.0",                         -   ,                         -   ,400.0,"59,370.0","71,165.0","117,280.0",,,,,,,,,,
2,,Area harvested (Ha),,,,,,,,,,,,,,,,,,,,
3,,Farm Count,                       -   ,                         -   ,                    -   ,"4,849.0",                         -   ,                         -   ,425.0,"108,495.0","86,613.0","124,041.0",,,,,,,,,,
4,,Yield (Mt/Ha),                       -   ,                         -   ,                    -   ,1.0,                         -   ,                         -   ,1.0,2.0,1.0,1.0,,,,,,,,,,
1,Cassava,Area planted (Ha),"74,450.0","120,310.0","6,834.0","102,410.0","185,650.0","120,219.0","181,230.0","83,910.0",                   -   ,                   -   ,,,,,,,,,,
2,,Area harvested (Ha),,,,,,,,,,,,,,,,,,,,
3,,Farm Count,"687,350.0","1,914,979.0","68,170.0","1,529,022.0","3,618,825.0","1,842,666.0","2,728,351.0","1,114,723.0",                   -   ,                   -   ,,,,,,,,,,
4,,Yield (Mt/Ha),9.0,16.0,10.0,15.0,19.0,15.0,15.0,13.0,                   -   ,                   -   ,,,,,,,,,,
1,Cocoyam,Area planted (Ha),"39,410.0","2,450.0",                    -   ,"6,160.0","30,840.0","63,780.0","49,290.0",                         -   ,                   -   ,                   -   ,,,,,,,,,,
2,,Area harvested (Ha),,,,,,,,,,,,,,,,,,,,
3,,Farm Count,"223,727.0","17,763.0",                    -   ,"45,678.0","250,789.0","405,936.0","334,417.0",                         -   ,                   -   ,                   -   ,,,,,,,,,,
4,,Yield (Mt/Ha),6.0,7.0,                    -   ,7.0,8.0,6.0,7.0,                         -   ,                   -   ,                   -   ,,,,,,,,,,
1,Plantain,Area planted (Ha),"58,150.0","17,525.0",                    -   ,"7,980.0","84,400.0","93,153.0","66,760.0",                         -   ,                   -   ,                   -   ,,,,,,,,,,
2,,Area harvested (Ha),,,,,,,,,,,,,,,,,,,,
3,,Farm Count,"577,065.0","154,759.0",                    -   ,"62,502.0","839,480.0","925,015.0","980,307.0",                         -   ,                   -   ,                   -   ,,,,,,,,,,
4,,Yield (Mt/Ha),10.0,9.0,                    -   ,8.0,10.0,10.0,15.0,                         -   ,                   -   ,                   -   ,,,,,,,,,,
1,Yam,Area planted (Ha),"10,555.0","2,817.0",                    -   ,"26,350.0","39,150.0","33,450.0","129,120.0","117,810.0",                   -   ,"25,690.0",,,,,,,,,,
2,,Area harvested (Ha),,,,,,,,,,,,,,,,,,,,
3,,Farm Count,"75,164.0","15,815.0",                    -   ,"374,610.0","712,890.0","466,127.0","2,318,158.0","1,476,369.0",                   -   ,"521,443.0",,,,,,,,,,
4,,Yield (Mt/Ha),7.0,6.0,                    -   ,14.0,18.0,14.0,18.0,13.0,                   -   ,20.0,,,,,,,,,,
1,Soya Bean,Area planted (Ha),                       -   ,                         -   ,                    -   ,"4,360.0",                         -   ,                         -   ,                         -   ,"49,950.0","6,940.0","14,970.0",,,,,,,,,,
2,,Area harvested (Ha),,,,,,,,,,,,,,,,,,,,
3,,Farm Count,                       -   ,                         -   ,                    -   ,"4,945.0",                         -   ,                         -   ,                         -   ,"98,398.0","20,364.0","21,219.0",,,,,,,,,,
4,,Yield (Mt/Ha),                       -   ,                         -   ,                    -   ,1.0,                         -   ,                         -   ,                         -   ,2.0,3.0,1.0,,,,,,,,,,
1,Groundnut,Area planted (Ha),                       -   ,                         -   ,                    -   ,                         -   ,"8,216.0","6,190.0","11,420.0","49,950.0","6,940.0","14,970.0",,,,,,,,,,
2,,Area harvested (Ha),,,,,,,,,,,,,,,,,,,,
3,,Farm Count,                       -   ,                         -   ,                    -   ,                         -   ,"9,859.0","8,762.0","14,132.0","227,650.0","73,808.0","196,676.0",,,,,,,,,,
4,,Yield (Mt/Ha),                       -   ,                         -   ,                    -   ,                         -   ,1.0,1.0,1.0,2.0,1.0,2.0,,,,,,,,,,
1,Cowpea,Area planted (Ha),                       -   ,                         -   ,                    -   ,"1,920.0","1,930.0","8,123.0","7,690.0","56,160.0","29,403.0","64,720.0",,,,,,,,,,
2,,Area harvested (Ha),,,,,,,,,,,,,,,,,,,,
3,,Farm Count,                       -   ,                         -   ,                    -   ,"1,224.0","1,404.0","4,727.0","7,293.0","105,841.0","22,801.0","75,969.0",,,,,,,,,,
4,,Yield (Mt/Ha),                       -   ,                         -   ,                    -   ,1.0,1.0,1.0,1.0,2.0,1.0,1.0,,,,,,,,,,
,,,,,,,,,,,,,,,,,,,,,,
"Table 2.5: Crop production by Region, 2011",,,,,,,,,,,,,,,,,,,,,,
No.,Crops,Topic, Western , Central , Greater Accra , Volta , Eastern , Ashanti , Brong Ahafo , Northern , Upper East , Upper West ,,,,,,,,,,
1,Maize,Area planted (Ha),50120.0,104601.0,3931.0,53923.0,174573.0,153936.0,236651.0,134723.0,43370.0,67350.0,,,,,,,,,,
2,,Area harvested (Ha),,,,,,,,,,,,,,,,,,,,
3,,Farm Count,56134.0,202362.0,4461.0,97857.0,364166.0,173735.0,434741.0,192604.0,75273.0,82651.0,,,,,,,,,,
4,,Yield (Mt/Ha),1.0,2.0,1.0,2.0,2.0,1.0,2.0,1.0,2.0,1.0,,,,,,,,,,
1,Millet,Area planted (Ha),                       -   ,                         -   ,                    -   ,                         -   ,                         -   ,                         -   ,                         -   ,54670.00,60100.00,63906.00,,,,,,,,,,
2,,Area harvested (Ha),,,,,,,,,,,,,,,,,,,,
3,,Farm Count,                       -   ,                         -   ,                    -   ,                         -   ,                         -   ,                         -   ,                         -   ,79074.00,50521.00,54327.00,,,,,,,,,,
4,,Yield (Mt/Ha),                       -   ,                         -   ,                    -   ,                         -   ,                         -   ,                         -   ,                         -   ,1.00,1.00,1.00,,,,,,,,,,
1,Rice (Paddy),Area planted (Ha),"17,410.0","4,328.0","2,909.0","22,759.0","6,655.0","10,281.0","3,840.0","73,389.0","51,080.0","4,829.0",,,,,,,,,,
2,,Area harvested (Ha),,,,,,,,,,,,,,,,,,,,
3,,Farm Count,"21,066.0","5,366.0","18,773.0","75,389.0","22,320.0","27,625.0","6,160.0","171,293.0","109,455.0","6,527.0",,,,,,,,,,
4,,Yield (Mt/Ha),1.0,1.0,6.0,3.0,3.0,3.0,2.0,2.0,2.0,1.0,,,,,,,,,,
1,Sorghum,Area planted (Ha),                       -   ,                         -   ,                    -   ,"4,404.0",                         -   ,                         -   ,630.0,"70,780.0","66,230.0","101,439.0",,,,,,,,,,
2,,Area harvested (Ha),,,,,,,,,,,,,,,,,,,,
3,,Farm Count,                       -   ,                         -   ,                    -   ,"5,345.0",                         -   ,                         -   ,708.0,"130,634.0","69,545.0","80,836.0",,,,,,,,,,
4,,Yield (Mt/Ha),                       -   ,                         -   ,                    -   ,1.0,                         -   ,                         -   ,1.0,2.0,1.0,1.0,,,,,,,,,,
1,Cassava,Area planted (Ha),"73,250.0","122,275.0","6,742.0","105,169.0","186,165.0","121,541.0","184,903.0","89,320.0",                   -   ,                   -   ,,,,,,,,,,
2,,Area harvested (Ha),,,,,,,,,,,,,,,,,,,,
3,,Farm Count,"556,700.0","1,976,946.0","71,863.0","1,660,007.0","3,858,149.0","1,900,444.0","2,883,353.0","1,333,406.0",                   -   ,                   -   ,,,,,,,,,,
4,,Yield (Mt/Ha),8.0,16.0,11.0,16.0,21.0,16.0,16.0,15.0,                   -   ,                   -   ,,,,,,,,,,
1,Cocoyam,Area planted (Ha),"37,810.0","15,944.0",                    -   ,"6,268.0","31,018.0","64,109.0","49,214.0",                         -   ,                   -   ,                   -   ,,,,,,,,,,
2,,Area harvested (Ha),,,,,,,,,,,,,,,,,,,,
3,,Farm Count,"185,269.0","94,347.0",                    -   ,"49,278.0","253,441.0","385,437.0","331,873.0",                         -   ,                   -   ,                   -   ,,,,,,,,,,
4,,Yield (Mt/Ha),5.0,6.0,                    -   ,8.0,8.0,6.0,7.0,                         -   ,                   -   ,                   -   ,,,,,,,,,,
1,Plantain,Area planted (Ha),"56,850.0","17,862.0",                    -   ,"7,899.0","84,768.0","96,216.0","72,901.0",                         -   ,                   -   ,                   -   ,,,,,,,,,,
2,,Area harvested (Ha),,,,,,,,,,,,,,,,,,,,
3,,Farm Count,"510,513.0","159,262.0",                    -   ,"62,555.0","854,240.0","977,432.0","1,055,832.0",                         -   ,                   -   ,                   -   ,,,,,,,,,,
4,,Yield (Mt/Ha),9.0,9.0,                    -   ,8.0,10.0,10.0,14.0,                         -   ,                   -   ,                   -   ,,,,,,,,,,
1,Yam,Area planted (Ha),"10,150.0","2,818.0",                    -   ,"27,356.0","39,209.0","33,938.0","125,473.0","138,553.0",                   -   ,"26,302.0",,,,,,,,,,
2,,Area harvested (Ha),,,,,,,,,,,,,,,,,,,,
3,,Farm Count,"56,134.0","15,712.0",                    -   ,"426,751.0","682,994.0","470,814.0","2,171,341.0","2,005,607.0",                   -   ,"32,184.0",,,,,,,,,,
4,,Yield (Mt/Ha),5.0,6.0,                    -   ,16.0,17.0,14.0,17.0,14.0,                   -   ,18.0,,,,,,,,,,
1,Soya Bean,Area planted (Ha),                       -   ,                         -   ,                    -   ,"4,337.0",                         -   ,                         -   ,                         -   ,"60,431.0","5,540.0","15,630.0",,,,,,,,,,
2,,Area harvested (Ha),,,,,,,,,,,,,,,,,,,,
3,,Farm Count,                       -   ,                         -   ,                    -   ,"5,001.0",                         -   ,                         -   ,                         -   ,"126,656.0","15,117.0","17,736.0",,,,,,,,,,
4,,Yield (Mt/Ha),                       -   ,                         -   ,                    -   ,1.0,                         -   ,                         -   ,                         -   ,2.0,3.0,1.0,,,,,,,,,,
1,Groundnut,Area planted (Ha),                       -   ,                         -   ,                    -   ,                         -   ,                         -   ,"6,262.0","11,722.0","130,352.0","75,840.0","132,605.0",,,,,,,,,,
2,,Area harvested (Ha),,,,,,,,,,,,,,,,,,,,
3,,Farm Count,                       -   ,                         -   ,                    -   ,                         -   ,                         -   ,"8,143.0","13,695.0","224,476.0","56,524.0","162,265.0",,,,,,,,,,
4,,Yield (Mt/Ha),                       -   ,                         -   ,                    -   ,                         -   ,                         -   ,1.0,1.0,2.0,1.0,1.0,,,,,,,,,,
1,Cowpea,Area planted (Ha),                       -   ,                         -   ,                    -   ,"1,973.0",                         -   ,"8,213.0","7,690.0","62,544.0","25,880.0","75,956.0",,,,,,,,,,
2,,Area harvested (Ha),,,,,,,,,,,,,,,,,,,,
3,,Farm Count,                       -   ,                         -   ,                    -   ,"1,385.0",                         -   ,"2,387.0","7,280.0","124,720.0","15,910.0","84,996.0",,,,,,,,,,
4,,Yield (Mt/Ha),                       -   ,                         -   ,                    -   ,1.0,                         -   ,0.0,1.0,2.0,1.0,1.0,,,,,,,,,,
"Table 2.6: Crop production by Region, 2012",,,,,,,,,,,,,,,,,,,,,,
No.,Crops,Topic, Western , Central , Greater Accra , Volta , Eastern , Ashanti , Brong Ahafo , Northern , Upper East , Upper West ,,,,,,,,,,
1,Maize,Area planted (Ha),"53,461.0","104,984.0","3,719.0","48,243.0","176,825.0","154,613.0","244,922.0","139,214.0","45,732.0","70,370.0",,,,,,,,,,
2,,Area harvested (Ha),,,,,,,,,,,,,,,,,,,,
3,,Farm Count,"82,825.0","192,069.0","4,681.0","84,922.0","405,377.0","205,419.0","570,350.0","209,353.0","65,811.0","129,090.0",,,,,,,,,,
4,,Yield (Mt/Ha),2.0,2.0,1.0,2.0,2.0,1.0,2.0,2.0,1.0,2.0,,,,,,,,,,
1,Millet,Area planted (Ha),                       -   ,                         -   ,                    -   ,                         -   ,                         -   ,                         -   ,                         -   ,"55,405.0","56,007.0","61,058.0",,,,,,,,,,
2,,Area harvested (Ha),,,,,,,,,,,,,,,,,,,,
3,,Farm Count,                       -   ,                         -   ,                    -   ,                         -   ,                         -   ,                         -   ,                         -   ,"80,486.0","51,310.0","47,888.0",,,,,,,,,,
4,,Yield (Mt/Ha),                       -   ,                         -   ,                    -   ,                         -   ,                         -   ,                         -   ,                         -   ,1.0,1.0,1.0,,,,,,,,,,
1,Rice (Paddy),Area planted (Ha),"19,809.0","1,731.0","2,917.0","25,305.0","7,306.0","10,268.0","3,902.0","69,253.0","44,059.0","4,978.0",,,,,,,,,,
2,,Area harvested (Ha),,,,,,,,,,,,,,,,,,,,
3,,Farm Count,"25,464.0","3,221.0","18,822.0","82,546.0","24,567.0","27,748.0","6,268.0","165,328.0","120,171.0","7,000.0",,,,,,,,,,
4,,Yield (Mt/Ha),1.0,2.0,6.0,3.0,3.0,3.0,2.0,2.0,3.0,1.0,,,,,,,,,,
1,Sorghum,Area planted (Ha),                       -   ,                         -   ,                    -   ,"4,487.0",                         -   ,                         -   ,652.0,"71,281.0","54,169.0","100,252.0",,,,,,,,,,
2,,Area harvested (Ha),,,,,,,,,,,,,,,,,,,,
3,,Farm Count,                       -   ,                         -   ,                    -   ,"5,385.0",                         -   ,                         -   ,843.0,"126,429.0","58,617.0","88,709.0",,,,,,,,,,
4,,Yield (Mt/Ha),                       -   ,                         -   ,                    -   ,1.0,                         -   ,                         -   ,1.0,2.0,1.0,1.0,,,,,,,,,,
1,Cassava,Area planted (Ha),"  79,392.0 ","  112,377.0 ","  6,406.0 ","  84,924.0 ","  186,291.0 ","  125,516.0 ","  183,438.0 ","  90,207.0 ",                   -   ,                   -   ,,,,,,,,,,
2,,Area harvested (Ha),,,,,,,,,,,,,,,,,,,,
3,,Farm Count,"  717,474.0 ","  1,764,241.0 ","  73,884.0 ","  1,276,089.0 ","  4,164,013.0 ","  2,231,908.0 ","  2,949,838.0 ","  1,369,831.0 ",                   -   ,                   -   ,,,,,,,,,,
4,,Yield (Mt/Ha),  9.0 ,  16.0 ,  12.0 ,  15.0 ,  22.0 ,  18.0 ,  16.0 ,  15.0 ,                   -   ,                   -   ,,,,,,,,,,
1,Cocoyam,Area planted (Ha),"39,662.0","11,866.0",                    -   ,"6,439.0","28,415.0","60,111.0","49,835.0",                         -   ,                   -   ,                   -   ,,,,,,,,,,
2,,Area harvested (Ha),,,,,,,,,,,,,,,,,,,,
3,,Farm Count,"231,469.0","48,879.0",                    -   ,"51,748.0","244,149.0","355,138.0","338,882.0",                         -   ,                   -   ,                   -   ,,,,,,,,,,
4,,Yield (Mt/Ha),6.0,4.0,                    -   ,8.0,9.0,6.0,7.0,                         -   ,                   -   ,                   -   ,,,,,,,,,,
1,Plantain,Area planted (Ha),"58,729.0","18,130.0",                    -   ,"9,378.0","85,377.0","97,646.0","68,033.0",                         -   ,                   -   ,                   -   ,,,,,,,,,,
2,,Area harvested (Ha),,,,,,,,,,,,,,,,,,,,
3,,Farm Count,"534,073.0","154,596.0",                    -   ,"75,581.0","840,702.0","990,378.0","961,194.0",                         -   ,                   -   ,                   -   ,,,,,,,,,,
4,,Yield (Mt/Ha),9.0,9.0,                    -   ,8.0,10.0,10.0,14.0,                         -   ,                   -   ,                   -   ,,,,,,,,,,
1,Yam,Area planted (Ha),"11,722.0","2,970.0",                    -   ,"30,466.0","40,092.0","33,303.0","134,708.0","144,357.0",                   -   ,"28,725.0",,,,,,,,,,
2,,Area harvested (Ha),,,,,,,,,,,,,,,,,,,,
3,,Farm Count,"93,861.0","16,664.0",                    -   ,"463,559.0","709,722.0","476,172.0","2,319,583.0","2,038,196.0",                   -   ,"521,112.0",,,,,,,,,,
4,,Yield (Mt/Ha),8.0,6.0,                    -   ,15.0,18.0,14.0,17.0,14.0,                   -   ,18.0,,,,,,,,,,
1,Soya Bean,Area planted (Ha),                       -   ,                         -   ,                    -   ,"3,578.0",                         -   ,                         -   ,                         -   ,"58,056.0","10,645.0","12,921.0",,,,,,,,,,
2,,Area harvested (Ha),,,,,,,,,,,,,,,,,,,,
3,,Farm Count,                       -   ,                         -   ,                    -   ,"4,098.0",                         -   ,                         -   ,                         -   ,"120,534.0","11,876.0","15,202.0",,,,,,,,,,
4,,Yield (Mt/Ha),                       -   ,                         -   ,                    -   ,1.0,                         -   ,                         -   ,                         -   ,2.0,1.0,1.0,,,,,,,,,,
1,Groundnut,Area planted (Ha),                       -   ,                         -   ,                    -   ,                         -   ,"10,309.0","6,021.0","11,914.0","131,936.0","63,703.0","121,303.0",,,,,,,,,,
2,,Area harvested (Ha),,,,,,,,,,,,,,,,,,,,
3,,Farm Count,                       -   ,                         -   ,                    -   ,                         -   ,"14,236.0","8,302.0","14,325.0","229,178.0","65,611.0","143,405.0",,,,,,,,,,
4,,Yield (Mt/Ha),                       -   ,                         -   ,                    -   ,                         -   ,1.0,1.0,1.0,2.0,1.0,1.0,,,,,,,,,,
1,Cowpea,Area planted (Ha),                       -   ,                         -   ,                    -   ,"2,744.0","2,060.0","8,460.0","7,583.0","60,378.0","23,055.0","64,525.0",,,,,,,,,,
2,,Area harvested (Ha),,,,,,,,,,,,,,,,,,,,
3,,Farm Count,                       -   ,                         -   ,                    -   ,"3,969.0","2,430.8","2,961.0","7,563.0","118,855.0","18,918.0","71,003.0",,,,,,,,,,
4,,Yield (Mt/Ha),                       -   ,                         -   ,                    -   ,1.0,1.0,0.0,1.0,2.0,1.0,1.0,,,,,,,,,,
"Table 2.7: Crop production by Region, 2013",,,,,,,,,,,,,,,,,,,,,,
No.,Crops,Topic, Western , Central , Greater Accra , Volta , Eastern , Ashanti , Brong Ahafo , Northern , Upper East , Upper West ,,,,,,,,,,
1,Maize,Area planted (Ha),"53,386.0","106,054.0","3,671.0","48,965.0","176,268.0","155,480.0","247,727.0","119,571.0","45,214.0","67,123.0",,,,,,,,,,
2,,Area harvested (Ha),,,,,,,,,,,,,,,,,,,,
3,,Farm Count,"82,430.0","168,120.0","4,512.0","84,262.0","399,959.0","201,786.0","466,208.0","170,512.0","64,434.0","122,254.0",,,,,,,,,,
4,,Yield (Mt/Ha),2.0,2.0,1.0,2.0,2.0,1.0,2.0,1.0,1.0,2.0,,,,,,,,,,
1,Millet,Area planted (Ha),                       -   ,                         -   ,                    -   ,                         -   ,                         -   ,                         -   ,                         -   ,"48,095.0","53,074.0","59,568.0",,,,,,,,,,
2,,Area harvested (Ha),,,,,,,,,,,,,,,,,,,,
3,,Farm Count,                       -   ,                         -   ,                    -   ,                         -   ,                         -   ,                         -   ,                         -   ,"68,877.0","42,623.0","43,631.0",,,,,,,,,,
4,,Yield (Mt/Ha),                       -   ,                         -   ,                    -   ,                         -   ,                         -   ,                         -   ,                         -   ,1.0,1.0,1.0,,,,,,,,,,
1,Rice (Paddy),Area planted (Ha),"22,500.0","1,630.0","3,057.0","40,200.0","8,900.0","13,300.0","4,128.0","75,000.0","42,088.0","5,102.0",,,,,,,,,,
2,,Area harvested (Ha),,,,,,,,,,,,,,,,,,,,
3,,Farm Count,"28,604.0","2,648.0","19,808.0","160,467.0","29,939.0","38,399.0","6,713.0","162,297.0","113,523.0","7,127.0",,,,,,,,,,
4,,Yield (Mt/Ha),1.0,2.0,6.0,4.0,3.0,3.0,2.0,2.0,3.0,1.0,,,,,,,,,,
1,Sorghum,Area planted (Ha),                       -   ,                         -   ,                    -   ,"4,473.0",                         -   ,                         -   ,669.0,"65,797.0","55,081.0","99,799.0",,,,,,,,,,
2,,Area harvested (Ha),,,,,,,,,,,,,,,,,,,,
3,,Farm Count,                       -   ,                         -   ,                    -   ,"4,911.0",                         -   ,                         -   ,871.0,"110,042.0","54,113.0","86,800.0",,,,,,,,,,
4,,Yield (Mt/Ha),                       -   ,                         -   ,                    -   ,1.0,                         -   ,                         -   ,1.0,2.0,1.0,1.0,,,,,,,,,,
1,Cassava,Area planted (Ha),"79,721.0","115,021.0","6,725.0","83,531.0","187,659.0","126,466.0","187,420.0","88,642.0",                   -   ,                   -   ,,,,,,,,,,
2,,Area harvested (Ha),,,,,,,,,,,,,,,,,,,,
3,,Farm Count,"912,716.0","1,777,407.0","101,125.0","1,289,462.0","4,343,580.0","2,467,576.0","3,635,461.0","1,462,614.0",                   -   ,                   -   ,,,,,,,,,,
4,,Yield (Mt/Ha),11.0,15.0,15.0,15.0,23.0,20.0,19.0,17.0,                   -   ,                   -   ,,,,,,,,,,
1,Cocoyam,Area planted (Ha),"39,696.0","9,331.0",                    -   ,"6,734.0","28,261.0","59,445.0","50,531.0",                         -   ,                   -   ,                   -   ,,,,,,,,,,
2,,Area harvested (Ha),,,,,,,,,,,,,,,,,,,,
3,,Farm Count,"235,093.0","42,716.0",                    -   ,"54,431.0","241,714.0","342,908.0","344,612.0",                         -   ,                   -   ,                   -   ,,,,,,,,,,
4,,Yield (Mt/Ha),6.0,5.0,                    -   ,8.0,9.0,6.0,7.0,                         -   ,                   -   ,                   -   ,,,,,,,,,,
1,Plantain,Area planted (Ha),"58,759.0","18,086.0",                    -   ,"9,117.0","85,462.0","99,261.0","69,221.0",                         -   ,                   -   ,                   -   ,,,,,,,,,,
2,,Area harvested (Ha),,,,,,,,,,,,,,,,,,,,
3,,Farm Count,"531,242.0","149,550.0",                    -   ,"72,640.0","843,800.0","1,097,821.0","980,241.0",                         -   ,                   -   ,                   -   ,,,,,,,,,,
4,,Yield (Mt/Ha),9.0,8.0,                    -   ,8.0,10.0,11.0,14.0,                         -   ,                   -   ,                   -   ,,,,,,,,,,
1,Yam,Area planted (Ha),11665.0,2700.0,                    -   ,29632.0,40149.0,33524.0,136410.0,138328.0,                   -   ,29175.0,,,,,,,,,,
2,,Area harvested (Ha),,,,,,,,,,,,,,,,,,,,
3,,Farm Count,92990.0,14441.0,                    -   ,452406.0,763400.0,503245.0,2351017.0,2379140.0,                   -   ,517935.0,,,,,,,,,,
4,,Yield (Mt/Ha),8.0,5.0,                    -   ,15.0,19.0,15.0,17.0,17.0,                   -   ,18.0,,,,,,,,,,
1,Soya Bean,Area planted (Ha),                       -   ,                         -   ,                    -   ,"3,309.0",                         -   ,                         -   ,                         -   ,"52,150.0","16,698.0","12,617.0",,,,,,,,,,
2,,Area harvested (Ha),,,,,,,,,,,,,,,,,,,,
3,,Farm Count,                       -   ,                         -   ,                    -   ,"3,610.0",                         -   ,                         -   ,                         -   ,"102,107.0","17,882.0","15,074.0",,,,,,,,,,
4,,Yield (Mt/Ha),                       -   ,                         -   ,                    -   ,1.0,                         -   ,                         -   ,                         -   ,2.0,1.0,1.0,,,,,,,,,,
1,Groundnut,Area planted (Ha),                       -   ,                         -   ,                    -   ,                         -   ,"10,482.0","6,329.0","13,168.0","116,879.0","63,411.0","118,671.0",,,,,,,,,,
2,,Area harvested (Ha),,,,,,,,,,,,,,,,,,,,
3,,Farm Count,                       -   ,                         -   ,                    -   ,                         -   ,"14,798.0","9,310.0","16,247.0","189,102.0","47,864.0","131,493.0",,,,,,,,,,
4,,Yield (Mt/Ha),                       -   ,                         -   ,                    -   ,                         -   ,1.0,1.0,1.0,2.0,1.0,1.0,,,,,,,,,,
1,Cowpea,Area planted (Ha),                       -   ,                         -   ,                    -   ,"2,756.0","2,077.0","8,823.0","7,640.0","54,581.0","19,310.0","66,779.0",,,,,,,,,,
2,,Area harvested (Ha),,,,,,,,,,,,,,,,,,,,
3,,Farm Count,                       -   ,                         -   ,                    -   ,"3,767.0","2,494.0","4,553.0","7,757.0","101,093.0","11,968.0","68,773.0",,,,,,,,,,
4,,Yield (Mt/Ha),                       -   ,                         -   ,                    -   ,1.0,1.0,1.0,1.0,2.0,1.0,1.0,,,,,,,,,,
,,,,,,,,,,,,,,,,,,,,,,
"Table 2.8: Crop production by Region, 2014",,,,,,,,,,,,,,,,,,,,,,
No.,Crops,Topic, Western , Central , Greater Accra , Volta , Eastern , Ashanti , Brong Ahafo , Northern , Upper East , Upper West ,,,,,,,,,,
1,Maize,Area planted (Ha),"57,765.0","107,596.0","3,750.0","53,452.0","176,801.0","157,727.0","244,111.0","119,013.0","43,499.0","60,840.0",,,,,,,,,,
2,,Area harvested (Ha),,,,,,,,,,,,,,,,,,,,
3,,Farm Count,"75,185.0","178,563.0","4,186.0","99,866.0","409,043.0","219,225.0","453,326.0","164,977.0","59,867.0","104,338.0",,,,,,,,,,
4,,Yield (Mt/Ha),1.0,2.0,1.0,2.0,2.0,1.0,2.0,1.0,1.0,2.0,,,,,,,,,,
1,Millet,Area planted (Ha),                       -   ,                         -   ,                    -   ,                         -   ,                         -   ,                         -   ,                         -   ,"48,860.0","51,366.0","62,120.0",,,,,,,,,,
2,,Area harvested (Ha),,,,,,,,,,,,,,,,,,,,
3,,Farm Count,                       -   ,                         -   ,                    -   ,                         -   ,                         -   ,                         -   ,                         -   ,"67,007.0","41,833.0","46,478.0",,,,,,,,,,
4,,Yield (Mt/Ha),                       -   ,                         -   ,                    -   ,                         -   ,                         -   ,                         -   ,                         -   ,1.0,1.0,1.0,,,,,,,,,,
1,Rice,Area planted (Ha),"25,914","1,645","3,219","42,873","9,572","11,449","4,448","77,961","41,788","5,587",,,,,,,,,,
2,,Area harvested (Ha),,,,,,,,,,,,,,,,,,,,
3,,Farm Count,"33,080","2,846","21,528","188,952","33,205","34,614","7,435","164,979","109,394","8,008",,,,,,,,,,
4,,Yield (Mt/Ha),1,2,7,4,3,3,2,2,3,1,,,,,,,,,,
1,Sorghum,Area planted (Ha),                       -   ,                         -   ,                    -   ,"4,550.0",                         -   ,                         -   ,672.0,"65,901.0","52,676.0","103,120.0",,,,,,,,,,
2,,Area harvested (Ha),,,,,,,,,,,,,,,,,,,,
3,,Farm Count,                       -   ,                         -   ,                    -   ,"5,961.0",                         -   ,                         -   ,893.0,"107,310.0","51,385.0","93,451.0",,,,,,,,,,
4,,Yield (Mt/Ha),                       -   ,                         -   ,                    -   ,1.0,                         -   ,                         -   ,1.0,2.0,1.0,1.0,,,,,,,,,,
1,Cassava,Area planted (Ha),"86,164.0","117,296.0","6,824.0","85,672.0","187,681.0","129,585.0","188,975.0","86,416.0",                   -   ,                   -   ,,,,,,,,,,
2,,Area harvested (Ha),,,,,,,,,,,,,,,,,,,,
3,,Farm Count,"972,353.0","1,900,010.0","109,912.0","1,350,633.0","4,414,524.0","2,608,262.0","3,797,416.0","1,370,550.0",                   -   ,                   -   ,,,,,,,,,,
4,,Yield (Mt/Ha),11.0,16.0,16.0,16.0,24.0,20.0,20.0,16.0,                   -   ,                   -   ,,,,,,,,,,
1,Cocoyam,Area planted (Ha),"43,428","9,139",                    -   ,"8,024","28,379","60,489","50,943",                         -   ,                   -   ,                   -   ,,,,,,,,,,
2,,Area harvested (Ha),,,,,,,,,,,,,,,,,,,,
3,,Farm Count,"245,073","42,307",                    -   ,"69,662","245,225","354,104","342,603",                         -   ,                   -   ,                   -   ,,,,,,,,,,
4,,Yield (Mt/Ha),6,5,                    -   ,9,9,6,7,                         -   ,                   -   ,                   -   ,,,,,,,,,,
1,Plantain,Area planted (Ha),"68,928.0","19,193.0",                    -   ,"9,306.0","85,498.0","101,355.0","72,308.0",                         -   ,                   -   ,                   -   ,,,,,,,,,,
2,,Area harvested (Ha),,,,,,,,,,,,,,,,,,,,
3,,Farm Count,"634,186.0","162,015.0",                    -   ,"75,844.0","850,485.0","1,180,804.0","924,676.0",                         -   ,                   -   ,                   -   ,,,,,,,,,,
4,,Yield (Mt/Ha),9.0,8.0,                    -   ,8.0,10.0,12.0,13.0,                         -   ,                   -   ,                   -   ,,,,,,,,,,
1,Yam,Area planted (Ha),"12,480.0","2,760.0",                    -   ,"30,591.0","40,262.0","34,038.0","140,410.0","136,131.0",                   -   ,"31,340.0",,,,,,,,,,
2,,Area harvested (Ha),,,,,,,,,,,,,,,,,,,,
3,,Farm Count,"94,927.0","14,769.0",                    -   ,"494,609.0","823,191.0","521,346.0","2,416,990.0","2,169,543.0",                   -   ,"583,515.0",,,,,,,,,,
4,,Yield (Mt/Ha),8.0,5.0,                    -   ,16.0,20.0,15.0,17.0,16.0,                   -   ,19.0,,,,,,,,,,
1,Soya Bean,Area planted (Ha),                       -   ,                         -   ,                    -   ,"3,385.0",                         -   ,                         -   ,                         -   ,"54,115.0","15,867.0","13,500.0",,,,,,,,,,
2,,Area harvested (Ha),,,,,                         -   ,                         -   ,                         -   ,,,,,,,,,,,,,
3,,Farm Count,                       -   ,                         -   ,                    -   ,"4,816.0",                         -   ,                         -   ,                         -   ,"101,779.0","16,737.0","18,137.0",,,,,,,,,,
4,,Yield (Mt/Ha),                       -   ,                         -   ,                    -   ,1.0,                         -   ,                         -   ,                         -   ,2.0,1.0,1.0,,,,,,,,,,
1,Groundnut,Area planted (Ha),                       -   ,                         -   ,                    -   ,                         -   ,"10,463.0","6,474.0","13,909.0","113,060.0","61,410.0","129,210.0",,,,,,,,,,
2,,Area harvested (Ha),                       -   ,,,,,,,,,,,,,,,,,,,
3,,Farm Count,                       -   ,                         -   ,                    -   ,                         -   ,"14,527.0","10,798.0","16,901.0","188,553.0","44,983.0","150,866.0",,,,,,,,,,
4,,Yield (Mt/Ha),                       -   ,                         -   ,                    -   ,                         -   ,1.0,2.0,1.0,2.0,1.0,1.0,,,,,,,,,,
1,Cowpea,Area planted (Ha),                       -   ,                         -   ,                    -   ,"2,853.0","2,231.0","8,988.0","7,975.0","53,431.0","18,235.0","72,120.0",,,,,,,,,,
2,,Area harvested (Ha),,,,,,,,,,,,,,,,,,,,
3,,Farm Count,                       -   ,                         -   ,                    -   ,"4,234.0","2,750.0","5,766.0","7,993.0","92,653.0","12,466.0","75,403.0",,,,,,,,,,
4,,Yield (Mt/Ha),                       -   ,                         -   ,                    -   ,1.0,1.0,1.0,1.0,2.0,1.0,1.0,,,,,,,,,,
"Table 2.9: Crop production by Region, 2015",,,,,,,,,,,,,,,,,,,,,,
No.,Crops,Topic, Western , Central , Greater Accra , Volta , Eastern , Ashanti , Brong Ahafo , Northern , Upper East , Upper West ,,,,,,,,,,
1,Maize,Area planted (Ha),"57,765.0","78,735.0","3,750.0","53,452.0","147,940.0","128,867.0","215,250.0","90,152.0","43,499.0","60,840.0",,,,,,,,,,
2,,Area harvested (Ha),,,,,,,,,,,,,,,,,,,,
3,,Farm Count,"73,681.0","173,929.0","4,060.0","95,871.0","393,111.0","203,812.0","396,511.0","176,562.0","60,980.0","113,125.0",,,,,,,,,,
4,,Yield (Mt/Ha),1.0,2.0,1.0,2.0,3.0,2.0,2.0,2.0,1.0,2.0,,,,,,,,,,
1,Millet,Area planted (Ha),                       -   ,                         -   ,                    -   ,                         -   ,                         -   ,                         -   ,                         -   ,48822.0,51331.0,62083.0,,,,,,,,,,
2,,Area harvested (Ha),,,,,,,,,,,,,,,,,,,,
3,,Farm Count,                       -   ,                         -   ,                    -   ,                         -   ,                         -   ,                         -   ,                         -   ,69017.0,41916.0,46436.0,,,,,,,,,,
4,,Yield (Mt/Ha),                       -   ,                         -   ,                    -   ,                         -   ,                         -   ,                         -   ,                         -   ,1.0,1.0,1.0,,,,,,,,,,
1,Rice (Paddy),Area planted (Ha),"27,677.0","1,645.0","3,219.0","44,635.0","9,572.0","13,212.0","4,448.0","79,724.0","43,551.0","5,587.0",,,,,,,,,,
2,,Area harvested (Ha),,,,,,,,,,,,,,,,,,,,
3,,Farm Count,"33,741.0","2,561.0","22,389.0","203,419.0","33,869.0","31,153.0","7,064.0","177,946.0","121,075.0","8,275.0",,,,,,,,,,
4,,Yield (Mt/Ha),1.0,2.0,7.0,5.0,4.0,2.0,2.0,2.0,3.0,1.0,,,,,,,,,,
1,Sorghum,Area planted (Ha),                       -   ,                         -   ,                    -   ,"4,550.0",                         -   ,                         -   ,672.0,"66,392.0","53,167.0","103,612.0",,,,,,,,,,
2,,Area harvested (Ha),,,,,,,,,,,,,,,,,,,,
3,,Farm Count,                       -   ,                         -   ,                    -   ,"5,184.0",                         -   ,                         -   ,777.0,"94,684.0","46,629.0","81,127.0",,,,,,,,,,
4,,Yield (Mt/Ha),                       -   ,                         -   ,                    -   ,1.0,                         -   ,                         -   ,1.0,1.0,1.0,1.0,,,,,,,,,,
1,Cassava,Area planted (Ha),"86,164.0","124,278.0","6,824.0","85,672.0","194,664.0","136,568.0","195,958.0","86,416.0",                   -   ,                   -   ,,,,,,,,,,
2,,Area harvested (Ha),,,,,,,,,,,,,,,,,,,,
3,,Farm Count,"994,030.0","2,017,950.0","104,410.0","1,429,148.0","4,642,614.0","2,764,206.0","3,810,939.0","1,449,459.0",                   -   ,                   -   ,,,,,,,,,,
4,,Yield (Mt/Ha),12.0,16.0,15.0,17.0,24.0,20.0,19.0,17.0,                   -   ,                   -   ,,,,,,,,,,
1,Cocoyam,Area planted (Ha),"43,457.0","9,139.0",                    -   ,"8,024.0","28,379.0","60,519.0","50,972.0",                         -   ,                   -   ,                   -   ,,,,,,,,,,
2,,Area harvested (Ha),,,,,,,,,,,,,,,,,,,,
3,,Farm Count,"265,867.0","41,770.0",                    -   ,"68,960.0","241,505.0","347,124.0","335,962.0",                         -   ,                   -   ,                   -   ,,,,,,,,,,
4,,Yield (Mt/Ha),6.0,5.0,                    -   ,9.0,9.0,6.0,7.0,                         -   ,                   -   ,                   -   ,,,,,,,,,,
1,Plantain,Area planted (Ha),"69,931.0","20,196.0",                    -   ,"10,309.0","86,501.0","102,359.0","73,311.0",                         -   ,                   -   ,                   -   ,,,,,,,,,,
2,,Area harvested (Ha),,,,,,,,,,,,,,,,,,,,
3,,Farm Count,"645,090.0","167,682.0",                    -   ,"77,025.0","884,505.0","1,216,476.0","961,660.0",                         -   ,                   -   ,                   -   ,,,,,,,,,,
4,,Yield (Mt/Ha),9.0,8.0,                    -   ,7.0,10.0,12.0,13.0,                         -   ,                   -   ,                   -   ,,,,,,,,,,
1,Yam,Area planted (Ha),,,                    -   ,,,,,,                   -   ,,,,,,,,,,,
2,,Area harvested (Ha),,,,,,,,,,,,,,,,,,,,
3,,Farm Count,"97,775.0","15,065.0",                    -   ,"519,339.0","847,887.0","536,959.0","2,425,508.0","2,235,723.0",                   -   ,"617,867.0",,,,,,,,,,
4,,Yield (Mt/Ha),8.0,5.0,                    -   ,17.0,21.0,16.0,17.0,16.0,                   -   ,20.0,,,,,,,,,,
1,Soya Bean,Area planted (Ha),                       -   ,                         -   ,                    -   ,"3,238.0",                         -   ,                         -   ,                         -   ,"53,968.0","15,720.0","13,353.0",,,,,,,,,,
2,,Area harvested (Ha),,,,,,,,,,,,,,,,,,,,
3,,Farm Count,                       -   ,                         -   ,                    -   ,"2,520.0",                         -   ,                         -   ,                         -   ,"106,700.0","15,670.0","17,470.0",,,,,,,,,,
4,,Yield (Mt/Ha),                       -   ,                         -   ,                    -   ,1.0,                         -   ,                         -   ,                         -   ,2.0,1.0,1.0,,,,,,,,,,
1,Groundnut,Area planted (Ha),                       -   ,                         -   ,                    -   ,                         -   ,"10,463.0","6,242.0","13,909.0","113,779.0","62,129.0","129,928.0",,,,,,,,,,
2,,Area harvested (Ha),,,,,,,,,,,,,,,,,,,,
3,,Farm Count,                       -   ,                         -   ,                    -   ,                         -   ,"13,080.0","7,840.0","13,520.0","188,080.0","40,500.0","154,179.0",,,,,,,,,,
4,,Yield (Mt/Ha),                       -   ,                         -   ,                    -   ,                         -   ,1.0,1.0,1.0,2.0,1.0,1.0,,,,,,,,,,
1,Cowpea,Area planted (Ha),                       -   ,                         -   ,                    -   ,"2,088.0","1,465.0","8,105.0","7,210.0","53,431.0","18,235.0","72,120.0",,,,,,,,,,
2,,Area harvested (Ha),,,,,,,,,,,,,,,,,,,,
3,,Farm Count,                       -   ,                         -   ,                    -   ,"3,617.0","2,157.0","4,877.0","7,296.0","95,450.0","12,240.0","77,680.0",,,,,,,,,,
4,,Yield (Mt/Ha),                       -   ,                         -   ,                    -   ,2.0,1.0,1.0,1.0,2.0,1.0,1.0,,,,,,,,,,
"Table 2.10: Crop production by Region, 2016",,,,,,,,,,,,,,,,,,,,,,
No.,Crops,Topic, Western , Central , Greater Accra , Volta , Eastern , Ashanti , Brong Ahafo , Northern , Upper East , Upper West ,,,,,,,,,,
1,Maize,Area planted (Ha),"49,170.0","78,843.0","3,062.0","52,275.0","150,723.0","122,256.0","213,042.0","91,108.0","43,840.0","60,963.0",,,,,,,,,,
2,,Area harvested (Ha),,,,,,,,,,,,,,,,,,,,
3,,Farm Count,"72,994.0","175,890.0","3,687.0","98,223.0","407,052.0","201,186.0","405,641.0","179,416.0","62,383.0","115,439.0",,,,,,,,,,
4,,Yield (Mt/Ha),1.0,2.0,1.0,2.0,3.0,2.0,2.0,2.0,1.0,2.0,,,,,,,,,,
1,Millet,Area planted (Ha),                       -   ,                         -   ,                    -   ,                         -   ,                         -   ,                         -   ,                         -   ,"40,904.0","40,522.0","55,497.0",,,,,,,,,,
2,,Area harvested (Ha),,,,,,,,,,,,,,,,,,,,
3,,Farm Count,                       -   ,                         -   ,                    -   ,                         -   ,                         -   ,                         -   ,                         -   ,"6,994,584.0","42,142.9","46,617.4",,,,,,,,,,
4,,Yield (Mt/Ha),                       -   ,                         -   ,                    -   ,                         -   ,                         -   ,                         -   ,                         -   ,2.0,1.0,1.0,,,,,,,,,,
1,Rice,Area planted (Ha),"25,793.0","1,735.0","3,307.0","46,143.0","9,452.0","13,571.0","4,245.0","82,373.0","43,839.0","5,389.0",,,,,,,,,,
2,,Area harvested (Ha),,,,,,,,,,,,,,,,,,,,
3,,Farm Count,"33,221.0","2,805.0","23,070.0","228,354.0","35,736.0","35,247.0","7,187.0","189,469.0","124,282.0","8,308.0",,,,,,,,,,
4,,Yield (Mt/Ha),1.0,2.0,7.0,5.0,4.0,3.0,2.0,2.0,3.0,2.0,,,,,,,,,,
1,Sorghum,Area planted (Ha),                       -   ,                         -   ,                    -   ,"3,672.0",                         -   ,                         -   ,500.0,"43,718.0","55,007.0","98,265.0",,,,,,,,,,
2,,Area harvested (Ha),,,,,,,,,,,,,,,,,,,,
3,,Farm Count,                       -   ,                         -   ,                    -   ,"5,178.0",                         -   ,                         -   ,625.0,"75,559.0","56,508.0","91,735.0",,,,,,,,,,
4,,Yield (Mt/Ha),                       -   ,                         -   ,                    -   ,1.0,                         -   ,                         -   ,1.0,2.0,1.0,1.0,,,,,,,,,,
1,Cassava,Area planted (Ha),77705.0,121855.0,6452.0,83544.0,199170.0,129725.0,171367.0,89281.0,                   -   ,                   -   ,,,,,,,,,,
2,,Area harvested (Ha),,,,,,,,,,,,,,,,,,,,
3,,Farm Count,998307.0,2085715.0,106430.0,1454180.0,4891385.0,2872525.0,3924403.0,1465273.0,                   -   ,                   -   ,,,,,,,,,,
4,,Yield (Mt/Ha),13.0,17.0,16.0,17.0,25.0,22.0,23.0,16.0,                   -   ,                   -   ,,,,,,,,,,
1,Cocoyam,Area planted (Ha),"45,404.0","9,270.0",                    -   ,"8,123.0","29,017.0","61,928.0","52,120.0",                         -   ,                   -   ,                   -   ,,,,,,,,,,
2,,Area harvested (Ha),,,,,,,,,,,,,,,,,,,,
3,,Farm Count,"278,885.0","42,829.0",                    -   ,"70,671.0","248,693.0","355,864.0","346,785.0",                         -   ,                   -   ,                   -   ,,,,,,,,,,
4,,Yield (Mt/Ha),6.0,5.0,                    -   ,9.0,9.0,6.0,7.0,                         -   ,                   -   ,                   -   ,,,,,,,,,,
1,Plantain,Area planted (Ha),69742.0,20689.0,                    -   ,10400.0,86316.0,98962.0,72095.0,                         -   ,                   -   ,                   -   ,,,,,,,,,,
2,,Area harvested (Ha),,,,,,,,,,,,,,,,,,,,
3,,Farm Count,646140.0,174369.0,                    -   ,78204.0,886633.0,1250117.0,964961.0,                         -   ,                   -   ,                   -   ,,,,,,,,,,
4,,Yield (Mt/Ha),9.0,8.0,                    -   ,8.0,10.0,13.0,13.0,                         -   ,                   -   ,                   -   ,,,,,,,,,,
1,Yam,Area planted (Ha),"12,053.0","2,606.0",                    -   ,"31,959.0","42,367.0","32,963.0","140,694.0","131,686.0",                   -   ,"32,888.0",,,,,,,,,,
2,,Area harvested (Ha),,,,,,,,,,,,,,,,,,,,
3,,Farm Count,"99,300.0","15,216.0",                    -   ,"528,687.0","878,802.0","540,629.0","2,493,574.0","2,261,363.0",                   -   ,"622,893.0",,,,,,,,,,
4,,Yield (Mt/Ha),8.0,6.0,                    -   ,17.0,21.0,16.0,18.0,17.0,                   -   ,19.0,,,,,,,,,,
1,Soya Bean,Area planted (Ha),                       -   ,                         -   ,                    -   ,"3,263.0",                         -   ,                         -   ,                         -   ,"54,076.0","15,972.0","13,570.0",,,,,,,,,,
2,,Area harvested (Ha),,,,,,,,,,,,,,,,,,,,
3,,Farm Count,                       -   ,                         -   ,                    -   ,"2,498.0",                         -   ,                         -   ,                         -   ,"107,023.0","15,894.0","17,801.0",,,,,,,,,,
4,,Yield (Mt/Ha),                       -   ,                         -   ,                    -   ,1.0,                         -   ,                         -   ,                         -   ,2.0,1.0,1.0,,,,,,,,,,
1,Groundnut,Area planted (Ha),                       -   ,                         -   ,                    -   ,                         -   ,"7,979.0","5,107.0","12,136.0","116,054.0","54,072.0","132,032.0",,,,,,,,,,
2,,Area harvested (Ha),,,,,,,,,,,,,,,,,,,,
3,,Farm Count,                       -   ,                         -   ,                    -   ,                         -   ,"13,167.0","8,002.0","13,747.0","191,411.0","41,176.0","158,322.0",,,,,,,,,,
4,,Yield (Mt/Ha),                       -   ,                         -   ,                    -   ,                         -   ,2.0,2.0,1.0,2.0,1.0,1.0,,,,,,,,,,
1,Cowpea,Area planted (Ha),                       -   ,                         -   ,                    -   ,"2,183.0","1,531.0","7,285.0","7,014.0","55,331.0","14,703.0","58,609.0",,,,,,,,,,
2,,Area harvested (Ha),,,,,,,,,,,,,,,,,,,,
3,,Farm Count,                       -   ,                         -   ,                    -   ,"3,733.0","2,186.0","4,903.0","7,492.0","96,674.0","12,371.0","79,019.0",,,,,,,,,,
4,,Yield (Mt/Ha),                       -   ,                         -   ,                    -   ,2.0,1.0,1.0,1.0,2.0,1.0,1.0,,,,,,,,,,
"Table 2.11: Crop production by Region, 2017",,,,,,,,,,,,,,,,,,,,,,
No.,Crops,Topic, Western , Central , Greater Accra , Volta , Eastern , Ashanti , Brong Ahafo , Northern , Upper East , Upper West ,,,,,,,,,,
1,Maize,Area planted (Ha),"48,977","81,885","5,204","58,820","162,500","127,410","224,436","148,198","60,025","67,059",,,,,,,,,,
2,,Area harvested (Ha),,,,,,,,,,,,,,,,,,,,
3,,Farm Count,"73,288","199,193","9,116","116,444","461,513","217,391","440,594","259,447","103,748","130,446",,,,,,,,,,
4,,Yield (Mt/Ha),1,2,2,2,3,2,2,2,2,2,,,,,,,,,,
,,,,,,,,,,,,,,,,,,,,,,
1,Millet,Area planted (Ha),                       -   ,                         -   ,                    -   ,                         -   ,                         -   ,                         -   ,                         -   ,"50,666","48,538","56,457",,,,,,,,,,
2,,Area harvested (Ha),,,,,,,,,,,,,,,,,,,,
3,,Farm Count,                       -   ,                         -   ,                    -   ,                         -   ,                         -   ,                         -   ,                         -   ,"69,766","45,817","47,901",,,,,,,,,,
4,,Yield (Mt/Ha),                       -   ,                         -   ,                    -   ,                         -   ,                         -   ,                         -   ,                         -   ,1,1,1,,,,,,,,,,
,,,,,,,,,,,,,,,,,,,,,,
1,Rice (Paddy),Area planted (Ha),"25,885","1,907","4,830","55,001","9,736","13,837","4,678","75,980","43,350","5,497",,,,,,,,,,
2,,Area harvested (Ha),,,,,,,,,,,,,,,,,,,,
3,,Farm Count,"34,797","3,287","23,800","270,676","37,966","37,755","7,774","182,352","115,037","8,636",,,,,,,,,,
4,,Yield (Mt/Ha),1,2,5,5,4,3,2,2,3,2,,,,,,,,,,
,,,,,,,,,,,,,,,,,,,,,,
1,Sorghum,Area planted (Ha),                       -   ,                         -   ,                    -   ,"4,468",                         -   ,                         -   ,538,"65,231","50,628","102,648",,,,,,,,,,
2,,Area harvested (Ha),,,,,,,,,,,,,,,,,,,,
3,,Farm Count,                       -   ,                         -   ,                    -   ,"6,434",                         -   ,                         -   ,698,"114,626","58,132","97,650",,,,,,,,,,
4,,Yield (Mt/Ha),                       -   ,                         -   ,                    -   ,1,                         -   ,                         -   ,1,2,1,1,,,,,,,,,,
,,,,,,,,,,,,,,,,,,,,,,
1,Cassava,Area planted (Ha),"77,973","129,385","4,323","84,222","209,129","133,172","179,363","99,275",                   -   ,                   -   ,,,,,,,,,,
2,,Area harvested (Ha),,,,,,,,,,,,,,,,,,,,
3,,Farm Count,"1,079,831","2,567,627","81,388","1,789,906","5,186,476","2,978,982","3,893,958","1,430,557",                   -   ,                   -   ,,,,,,,,,,
4,,Yield (Mt/Ha),14,20,19,21,25,22,22,14,                   -   ,                   -   ,,,,,,,,,,
,,,,,,,,,,,,,,,,,,,,,,
1,Cocoyam,Area planted (Ha),"45,514","9,521",                    -   ,"8,870","28,146","63,005","49,184",                         -   ,                   -   ,                   -   ,,,,,,,,,,
2,,Area harvested (Ha),,,,,,,,,,,,,,,,,,,,
3,,Farm Count,"319,164","44,672",                    -   ,"58,657","247,700","374,405","342,692",                         -   ,                   -   ,                   -   ,,,,,,,,,,
4,,Yield (Mt/Ha),7,5,                    -   ,7,9,6,7,                         -   ,                   -   ,                   -   ,,,,,,,,,,
,,,,,,,,,,,,,,,,,,,,,,
1,Plantain,Area planted (Ha),"69,909","22,211",                    -   ,"10,518","84,590","100,640","75,527",                         -   ,                   -   ,                   -   ,,,,,,,,,,
2,,Area harvested (Ha),,,,,,,,,,,,,,,,,,,,
3,,Farm Count,"722,576","215,487",                    -   ,"80,615","845,992","1,321,022","1,093,141",                         -   ,                   -   ,                   -   ,,,,,,,,,,
4,,Yield (Mt/Ha),10,10,                    -   ,8,10,13,14,                         -   ,                   -   ,                   -   ,,,,,,,,,,
,,,,,,,,,,,,,,,,,,,,,,
1,Yam,Area planted (Ha),"12,271","2,861",                    -   ,"32,150","42,367","34,260","149,450","161,947",                   -   ,"35,025",,,,,,,,,,
2,,Area harvested (Ha),,,,,,,,,,,,,,,,,,,,
3,,Farm Count,"115,251","19,281",                    -   ,"585,907","889,716","571,485","2,698,547","2,300,266",                   -   ,"676,445",,,,,,,,,,
4,,Yield (Mt/Ha),9,7,                    -   ,18,21,17,18,14,                   -   ,19,,,,,,,,,,
,,,,,,,,,,,,,,,,,,,,,,
1,Soya Bean,Area planted (Ha),                       -   ,                         -   ,                    -   ,"3,450",                         -   ,                         -   ,                         -   ,"67,541","17,220","14,385",,,,,,,,,,
2,,Area harvested (Ha),,,,,,,,,,,,,,,,,,,,
3,,Farm Count,                       -   ,                         -   ,                    -   ,"3,326",                         -   ,                         -   ,                         -   ,"133,495","14,087","19,581",,,,,,,,,,
4,,Yield (Mt/Ha),                       -   ,                         -   ,                    -   ,1,                         -   ,                         -   ,                         -   ,2,1,1,,,,,,,,,,
,,,,,,,,,,,,,,,,,,,,,,
1,Groundnut,Area planted (Ha),                       -   ,                         -   ,                    -   ,                         -   ,"7,978","5,209","12,379","99,069","46,442","145,236","316,313",,,,,,,,,
2,,Area harvested (Ha),,,,,,,,,,,,,,,,,,,,
3,,Farm Count,                       -   ,                         -   ,                    -   ,                         -   ,"13,563","8,334","14,171","165,630","49,730","182,343",,,,,,,,,,
4,,Yield (Mt/Ha),                       -   ,                         -   ,                    -   ,                         -   ,2,2,1,2,1,1,,,,,,,,,,
,,,,,,,,,,,,,,,,,,,,,,
1,Cowpea,Area planted (Ha),                       -   ,                         -   ,                    -   ,"2,886","1,531","7,449","6,998","47,310","23,268","64,470",,,,,,,,,,
2,,Area harvested (Ha),,,,,,,,,,,,,,,,,,,,
3,,Farm Count,                       -   ,                         -   ,                    -   ,"5,296","2,297","5,223","7,070","76,782","24,142","90,660",,,,,,,,,,
4,,Yield (Mt/Ha),                       -   ,                         -   ,                    -   ,2,2,1,1,2,1,1,,,,,,,,,,
,,,,,,,,,,,,,,,,,,,,,,
"Table 2.12: Crop production by Region, 2018",,,,,,,,,,,,,,,,,,,,,,
No.,Crops,Topic, Western , Central , Greater Accra , Volta , Eastern , Ashanti , Brong Ahafo , Northern , Upper East , Upper West ,,,,,,,,,,
1,Maize,Area planted (Ha),"73,287.0","91,121.0","9,178.0","60,472.0","164,147.0","128,246.0","215,050.0","141,424.0","68,222.0","69,375.0",,,,,,,,,,
2,,Area harvested (Ha),,,,,,,,,,,,,,,,,,,,
3,,Farm Count,"103,335.0","244,652.0","17,303.0","135,404.0","475,236.0","351,626.0","441,329.0","234,888.0","132,341.0","170,270.0",,,,,,,,,,
4,,Yield (Mt/Ha),1.0,3.0,2.0,2.0,3.0,3.0,2.0,2.0,2.0,2.0,,,,,,,,,,
1,Millet,Area planted (Ha),                       -   ,                         -   ,                    -   ,                         -   ,                         -   ,                         -   ,                         -   ,"52,018.0","40,556.0","49,071.0",,,,,,,,,,
2,,Area harvested (Ha),,,,,,,,,,,,,,,,,,,,
3,,Farm Count,                       -   ,                         -   ,                    -   ,                         -   ,                         -   ,                         -   ,                         -   ,"87,618.0","44,304.0","49,642.0",,,,,,,,,,
4,,Yield (Mt/Ha),                       -   ,                         -   ,                    -   ,                         -   ,                         -   ,                         -   ,                         -   ,2.0,1.0,1.0,,,,,,,,,,
1,Rice (Paddy),Area planted (Ha),"34,797.0","2,341.0","4,687.0","58,662.0","9,737.0","14,167.0","10,077.0","81,165.0","37,530.0","6,545.0",,,,,,,,,,
2,,Area harvested (Ha),,,,,,,,,,,,,,,,,,,,
3,,Farm Count,"47,554.0","4,968.0","22,577.0","299,894.0","39,114.0","55,056.0","17,628.0","163,545.0","104,255.0","14,810.0",,,,,,,,,,
4,,Yield (Mt/Ha),1.0,2.0,5.0,5.0,4.0,4.0,2.0,2.0,3.0,2.0,,,,,,,,,,
1,Sorghum,Area planted (Ha),                       -   ,                         -   ,                    -   ,"6,182.0",                         -   ,                         -   ,"1,102.0","69,313.0","57,324.0","94,220.0",,,,,,,,,,
2,,Area harvested (Ha),,,,,,,,,,,,,,,,,,,,
3,,Farm Count,                       -   ,                         -   ,                    -   ,"9,295.0",                         -   ,                         -   ,"1,293.0","123,562.0","75,441.0","106,646.0",,,,,,,,,,
4,,Yield (Mt/Ha),                       -   ,                         -   ,                    -   ,2.0,                         -   ,                         -   ,1.0,2.0,1.0,1.0,,,,,,,,,,
1,Cassava,Area planted (Ha),"93,427.0","133,956.0","4,858.0","88,163.0","209,808.0","134,176.0","211,685.0","101,269.0",                   -   ,                   -   ,,,,,,,,,,
2,,Area harvested (Ha),,,,,,,,,,,,,,,,,,,,
3,,Farm Count,"1,164,551.0","2,715,253.0","95,277.0","1,920,588.0","5,448,642.0","3,176,440.0","4,950,058.0","1,375,152.0",                   -   ,                   -   ,,,,,,,,,,
4,,Yield (Mt/Ha),12.0,20.0,20.0,22.0,26.0,24.0,23.0,14.0,                   -   ,                   -   ,,,,,,,,,,
1,Cocoyam,Area planted (Ha),"48,329.0","9,709.0",                    -   ,"9,602.0","28,136.0","63,010.0","44,449.0",                         -   ,                   -   ,                   -   ,,,,,,,,,,
2,,Area harvested (Ha),,,,,,,,,,,,,,,,,,,,
3,,Farm Count,"381,120.0","57,734.0",                    -   ,"63,662.0","248,108.0","387,620.0","322,693.0",                         -   ,                   -   ,                   -   ,,,,,,,,,,
4,,Yield (Mt/Ha),8.0,6.0,                    -   ,7.0,9.0,6.0,7.0,                         -   ,                   -   ,                   -   ,,,,,,,,,,
1,Plantain,Area planted (Ha),"78,260.0","24,370.0",                    -   ,"11,132.0","85,289.0","106,024.0","82,158.0",                         -   ,                   -   ,                   -   ,,,,,,,,,,
2,,Area harvested (Ha),,,,,,,,,,,,,,,,,,,,
3,,Farm Count,"816,024.0","265,579.0",                    -   ,"87,467.0","862,871.0","1,463,290.0","1,193,048.0",                         -   ,                   -   ,                   -   ,,,,,,,,,,
4,,Yield (Mt/Ha),10.0,11.0,                    -   ,8.0,10.0,14.0,15.0,                         -   ,                   -   ,                   -   ,,,,,,,,,,
1,Yam,Area planted (Ha),"15,367.0","3,216.0",                    -   ,"34,838.0","42,519.0","38,145.0","135,892.0","170,310.0",                   -   ,"38,231.0",,,,,,,,,,
2,,Area harvested (Ha),,,,,,,,,,,,,,,,,,,,
3,,Farm Count,"111,397.0","22,421.0",                    -   ,"632,193.0","897,376.0","647,166.0","2,478,177.0","2,334,528.0",                   -   ,,,,,,,,,,,
4,,Yield (Mt/Ha),7.0,7.0,                    -   ,18.0,21.0,17.0,18.0,14.0,                   -   ,19.0,,,,,,,,,,
1,Soya Bean,Area planted (Ha),                       -   ,                         -   ,                    -   ,"3,566.0",                         -   ,                         -   ,                         -   ,"68,541.0","15,877.0","14,994.0",,,,,,,,,,
2,,Area harvested (Ha),,,,,,,,,,,,,,,,,,,,
3,,Farm Count,                       -   ,                         -   ,                    -   ,"3,746.0",                         -   ,                         -   ,                         -   ,"126,759.0","18,933.0","27,233.0",,,,,,,,,,
4,,Yield (Mt/Ha),                       -   ,                         -   ,                    -   ,1.0,                         -   ,                         -   ,                         -   ,2.0,1.0,2.0,,,,,,,,,,
1,Groundnut,Area planted (Ha),                       -   ,                         -   ,                    -   ,                         -   ,"8,071.0","5,518.0","17,014.0","97,696.0","37,792.0","153,591.0","319,682.0",,,,,,,,,
2,,Area harvested (Ha),,,,,,,,,,,,,,,,,,,,
3,,Farm Count,                       -   ,                         -   ,                    -   ,                         -   ,"13,750.0","9,168.0","16,797.0","174,567.0","44,432.0","262,317.0",,,,,,,,,,
4,,Yield (Mt/Ha),                       -   ,                         -   ,                    -   ,                         -   ,2.0,1.0,2.0,1.0,2.0,2.0,,,,,,,,,,
1,Cowpea,Area planted (Ha),                       -   ,                         -   ,                    -   ,"5,067.0","1,556.0","7,346.0","6,793.0","49,432.0","23,326.0","63,268.0",,,,,,,,,,
2,,Area harvested (Ha),,,,,,,,,,,,,,,,,,,,
3,,Farm Count,                       -   ,                         -   ,                    -   ,"10,436.0","2,375.0","5,515.0","6,566.0","90,936.0","27,430.0","93,780.0",,,,,,,,,,
4,,Yield (Mt/Ha),                       -   ,                         -   ,                    -   ,2.0,2.0,1.0,1.0,2.0,1.0,1.0,,,,,,,,,,
"Source: Statistics, Research and Information Directorate(SRID), MoFA ",,,,,,,,,,,,,,,,,,,,,,
,,,,,,,,,,,,,,,,,,,,,,
,,,,,,,,,,,,,,,,,,,,,,
"Table 2.13: Crop production by Region, 2019",,,,,,,,,,,,,,,,,,,,,,
No.,Crops,Topic, Western , Western North, Central , Greater Accra , Volta ,Oti, Eastern , Ashanti ,Bono,Bono East,  Ahafo , Northern ,North East,Savannah, Upper East ,Upper West,,,,
1,Maize,Area planted (Ha),"  56,364 ","  24,157 ","  101,473 ","  8,699 ","  39,871 ","  22,783 ","  173,655 ","  162,406 ","  119,398 ","  99,012 ","  30,983 ","  92,992 ","  24,210 ","  32,977 ","  74,418 ","  86,883 ",,,,
2,,Area harvested (Ha),,,,,,,,,,,,,,,,,,,,
3,,Farm Count,,,,,,,,,,,,,,,,,,,,
4,,Yield (Mt/Ha),1.57,1.46,2.82,2.22,2.44,2.58,2.99,3.02,2.68,2.32,2.07,1.70,1.54,1.66,2.17,2.69,,,,
1,Millet,Area planted (Ha),,,,,,,,,,,,"  32,985 ","  15,143 ","  8,794 ","  42,588 ","  48,408 ",,,,
2,,Area harvested (Ha),,,,,,,,,,,,,,,,,,,,
3,,Farm Count,,,,,,,,,,,,,,,,,,,,
4,,Yield (Mt/Ha),,,,,,,,,,,,1.62,2.00,1.40,1.18,1.74,,,,
1,Rice (Paddy),Area planted (Ha),"  12,813 ","  24,877 ","  2,663 ","  4,143 ","  35,825 ","  24,678 ","  9,956 ","  14,986 ","  3,896 ","  7,132 ","  2,586 ","  62,923 ","  12,340 ","  12,342 ","  42,797 ","  8,118 ",,,,
2,,Area harvested (Ha),,,,,,,,,,,,,,,,,,,,
3,,Farm Count,,,,,,,,,,,,,,,,,,,,
4,,Yield (Mt/Ha),1.98,1.95,3.35,5.22,5.78,5.63,4.17,4.48,2.61,2.79,2.83,2.02,2.14,1.99,2.97,2.94,,,,
1,Sorghum,Area planted (Ha),,,,,  617 ,"  6,438 ",,,  88 ,"  2,413 ",  -   ,"  47,769 ","  14,877 ","  12,059 ","  57,322 ","  84,865 ",,,,
2,,Area harvested (Ha),,,,,,,,,,,,,,,,,,,,
3,,Farm Count,,,,,,,,,,,,,,,,,,,,
4,,Yield (Mt/Ha),,,,,1.81,1.60,,,1.30,1.52,,1.77,1.76,1.72,1.37,1.44,,,,
1,Cassava,Area planted (Ha),"  54,715 ","  48,522 ","  150,033 ","  4,761 ","  46,381 ","  43,734 ","  219,629 ","  152,927 ","  72,065 ","  71,312 ","  53,909 ","  65,928 ","  3,512 ","  33,823 ",,,,,,
2,,Area harvested (Ha),,,,,,,,,,,,,,,,,,,,
3,,Farm Count,,,,,,,,,,,,,,,,,,,,
4,,Yield (Mt/Ha),14.96,14.18,20.39,19.11,23.19,23.72,26.52,24.82,24.78,25.18,25.60,12.89,8.35,15.40,,,,,,
1,Cocoyam,Area planted (Ha),"  7,608 ","  43,108 ","  9,903 ",,"  3,322 ","  6,658 ","  28,122 ","  67,013 ","  17,975 ","  1,218 ","  29,160 ",,,,,,,,,
2,,Area harvested (Ha),,,,,,,,,,,,,,,,,,,,
3,,Farm Count,,,,,,,,,,,,,,,,,,,,
4,,Yield (Mt/Ha),7.52,6.73,6.03,,6.51,7.88,8.86,6.94,6.81,5.61,7.76,,,,,,,,,
1,Plantain,Area planted (Ha),"  20,677 ","  65,488 ","  25,465 ",,"  3,346 ","  8,268 ","  86,165 ","  112,563 ","  29,598 ","  3,005 ","  54,574 ",,,,,,,,,
2,,Area harvested (Ha),,,,,,,,,,,,,,,,,,,,
3,,Farm Count,,,,,,,,,,,,,,,,,,,,
4,,Yield (Mt/Ha),12.15,12.36,11.01,,8.02,8.33,10.24,14.82,15.02,10.37,18.61,,,,,,,,,
1,Yam,Area planted (Ha),"  2,327 ","  13,193 ","  3,320 ",,"  11,332 ","  24,301 ","  42,726 ","  40,657 ","  34,997 ","  112,416 ","  2,230 ","  126,763 ","  6,320 ","  39,497 ",,"  39,541 ",,,,
2,,Area harvested (Ha),,,,,,,,,,,,,,,,,,,,
3,,Farm Count,,,,,,,,,,,,,,,,,,,,
4,,Yield (Mt/Ha),8.93,9.63,7.01,,18.02,22.36,21.15,17.31,16.69,21.70,16.31,14.12,6.29,14.05,,19.82,,,,
1,Soya Bean,Area planted (Ha),,,,,,,,,,,,,,,,,,,,
2,,Area harvested (Ha),,,,,,,,,,,,,,,,,,,,
3,,Farm Count,,,,,,,,,,,,,,,,,,,,
4,,Yield (Mt/Ha),,,,,,1.36,,,,,,1.93,1.66,1.94,1.29,1.56,,,,
1,Groundnut,Area planted (Ha),,,,,  180 ,"  3,352 ","  8,209 ","  6,101 ","  2,663 ","  15,287 ",,"  56,330 ","  25,746 ","  22,366 ","  39,192 ","  157,426 ",336851.2679,,,
2,,Area harvested (Ha),,,,,,,,,,,,,,,,,,,,
3,,Farm Count,,,,,  148 ,"  5,466 ","  14,017 ","  11,342 ","  3,027 ","  16,413 ",,"  110,622 ","  38,854 ","  38,317 ","  48,689 ","  276,396 ",,,,
4,,Yield (Mt/Ha),,,,,0.82,1.63,1.71,1.86,1.14,1.07,,1.96,1.51,1.71,1.24,1.76,,,,
1,Cowpea,Area planted (Ha),,,,,"  3,337 ","  1,852 ","  1,721 ","  8,101 ","  1,593 ","  7,357 ",,"  31,179 ","  16,167 ","  8,633 ","  24,436 ","  65,104 ",,,,
2,,Area harvested (Ha),,,,,,,,,,,,,,,,,,,,
3,,Farm Count,,,,,,,,,,,,,,,,,,,,
4,,Yield (Mt/Ha),,,,,3.33,2.11,1.53,1.00,0.91,1.14,,1.83,1.86,1.90,1.28,1.28,,,,74564.24174
"Source: Statistics, Research and Information Directorate(SRID), MoFA ",,,,,,,,,,,,,,,,,,,,,,
,,,,,,,,,,,,,,,,,,,,,,
,,,,,,,,,,,,,,,,,,,,,,
"Table 2.14: Crop production by Region, 2020",,,,,,,,,,,,,,,,,,,,,,
No.,Crops,Topic, Western , Western North, Central , Greater Accra , Volta ,Oti, Eastern , Ashanti ,Bono,Bono East,  Ahafo , Northern ,North East,Savannah, Upper East ,Upper West,,,,
1,Maize,Area planted (Ha),"  51,905 ","  25,140 ","  103,115 ","  16,203 ","  39,126 ","  24,939 ","  136,353 ","  170,996 ","  144,994 ","  108,495 ","  21,994 ","  102,207 ","  27,925 ","  33,821 ","  80,960 ","  94,538 ",,,,
2,,Area harvested (Ha),,,,,,,,,,,,,,,,,,,,
3,,Farm Count,,,,,,,,,,,,,,,,,,,,
4,,Yield (Mt/Ha),2.75,1.78,3.05,3.52,2.46,2.53,2.72,3.38,2.43,2.29,1.85,1.72,2.09,1.80,2.25,2.61,,,,
1,Millet,Area planted (Ha),,,,,,,,,,,,"  32,547 ","  15,107 ","  8,894 ","  45,691 ","  21,816 ",,,,
2,,Area harvested (Ha),,,,,,,,,,,,,,,,,,,,
3,,Farm Count,,,,,,,,,,,,,,,,,,,,
4,,Yield (Mt/Ha),,,,,,,,,,,,1.65,1.76,2.27,1.78,1.89,,,,
1,Rice (Paddy),Area planted (Ha),"  10,985 ","  26,606 ","  3,983 ","  1,558 ","  33,827 ","  25,631 ","  11,492 ","  16,101 ","  5,843 ","  9,088 ","  8,848 ","  65,231 ","  15,788 ","  22,080 ","  43,239 ","  10,604 ",,,,
2,,Area harvested (Ha),,,,,,,,,,,,,,,,,,,,
3,,Farm Count,,,,,,,,,,,,,,,,,,,,
4,,Yield (Mt/Ha),2.97,2.04,3.09,5.59,5.36,5.34,4.08,4.56,2.47,2.01,2.49,2.35,2.36,1.87,3.00,2.26,,,,
1,Sorghum,Area planted (Ha),,,,,,"  6,123 ",,,,"  1,898 ",,"  46,993 ","  13,710 ","  12,560 ","  56,369 ","  46,797 ",,,,
2,,Area harvested (Ha),,,,,,,,,,,,,,,,,,,,
3,,Farm Count,,,,,,,,,,,,,,,,,,,,
4,,Yield (Mt/Ha),,,,,,2.15,,,,2.02,,1.71,1.65,2.51,1.81,1.96,,,,
1,Cassava,Area planted (Ha),"  48,236 ","  47,576 ","  148,559 ","  3,001 ","  46,920 ","  45,860 ","  224,149 ","  158,091 ","  73,738 ","  81,411 ","  33,741 ","  63,957 ","  3,414 ","  34,632 ",,,,,,
2,,Area harvested (Ha),,,,,,,,,,,,,,,,,,,,
3,,Farm Count,,,,,,,,,,,,,,,,,,,,
4,,Yield (Mt/Ha),20.18,14.64,22.48,19.85,21.90,23.53,26.45,25.15,23.48,24.04,24.55,12.38,7.51,15.91,,,,,,
1,Cocoyam,Area planted (Ha),"  6,476 ","  42,656 ","  8,563 ",,"  3,479 ","  7,066 ","  29,840 ","  67,850 ","  19,920 ","  1,769 ","  28,825 ",,,,,,,,,
2,,Area harvested (Ha),,,,,,,,,,,,,,,,,,,,
3,,Farm Count,,,,,,,,,,,,,,,,,,,,
4,,Yield (Mt/Ha),8.26,7.26,5.74,,6.06,7.73,9.08,7.11,16.52,8.24,7.57,,,,,,,,,
1,Plantain,Area planted (Ha),"  19,666 ","  69,309 ","  26,019 ",,"  4,078 ","  7,602 ","  87,739 ","  119,605 ","  31,743 ","  2,916 ","  56,714 ",,,,,,,,,
2,,Area harvested (Ha),,,,,,,,,,,,,,,,,,,,
3,,Farm Count,,,,,,,,,,,,,,,,,,,,
4,,Yield (Mt/Ha),14.84,13.52,10.69,,7.46,8.15,10.25,15.22,7.05,10.20,16.29,,,,,,,,,
1,Yam,Area planted (Ha),  962 ,"  12,929 ","  2,440 ",,"  11,582 ","  24,591 ","  39,937 ","  41,769 ","  41,748 ","  122,054 ","  2,041 ","  124,679 ","  5,047 ","  40,727 ",,"  59,826 ",,,,
2,,Area harvested (Ha),,,,,,,,,,,,,,,,,,,,
3,,Farm Count,,,,,,,,,,,,,,,,,,,,
4,,Yield (Mt/Ha),9.72,10.25,7.53,,15.18,22.10,21.35,18.21,16.52,20.25,16.09,12.13,5.33,14.19,,20.02,,,,
1,Soya Bean,Area planted (Ha),,,,,,"  4,311 ",,,,,,"  51,380 ","  18,872 ","  8,127 ","  20,593 ","  18,283 ",,,,
2,,Area harvested (Ha),,,,,,,,,,,,,,,,,,,,
3,,Farm Count,,,,,,,,,,,,,,,,,,,,
4,,Yield (Mt/Ha),,,,,,1.32,,,,,,1.90,1.30,1.96,1.39,1.65,,,,
1,Groundnut,Area planted (Ha),,,,,  501 ,"  6,074 ","  11,386 ","  6,278 ","  2,786 ","  14,873 ",,"  57,470 ","  25,584 ","  22,829 ","  41,607 ","  72,900 ",262287.0262,,,
2,,Area harvested (Ha),,,,,,,,,,,,,,,,,,,,
3,,Farm Count,,,,,,,,,,,,,,,,,,,,
4,,Yield (Mt/Ha),,,,,2.60,1.83,1.54,1.94,1.20,1.56,,1.49,1.74,1.73,1.35,1.76,,,,
1,Cowpea,Area planted (Ha),,,,,"  3,459 ","  1,965 ","  1,671 ","  8,598 ","  1,881 ","  8,070 ",,"  32,303 ","  16,714 ","  8,990 ","  26,030 ","  62,825 ",,,,
2,,Area harvested (Ha),,,,,,,,,,,,,,,,,,,,
3,,Farm Count,,,,,,,,,,,,,,,,,,,,
4,,Yield (Mt/Ha),,,,,2.98,2.13,1.58,1.13,0.90,1.23,,1.40,1.61,1.91,1.38,1.58,,,,
"Source: Statistics, Research and Information Directorate(SRID), MoFA ",,,,,,,,,,,,,,,,,,,,,,
,,,,,,,,,,,,,,,,,,,,,,
"Table 2.15: Crop production by Region, 2021",,,,,,,,,,,,,,,,,,,,,,
No.,Crops,Topic, Western , Western North, Central , Greater Accra , Volta ,Oti, Eastern , Ashanti ,Bono,Bono East,  Ahafo , Northern ,North East,Savannah, Upper East ,Upper West,,,,
1,Maize,Area planted (Ha),"  52,476 ","  26,515 ","  110,708 ","  6,326 ","  39,543 ","  22,651 ","  145,097 ","  168,633 ","  148,521 ","  117,938 ","  36,782 ","  130,658 ","  32,765 ","  39,031 ","  80,707 ","  108,085 ",,,,
2,,Area harvested (Ha),,,,,,,,,,,,,,,,,,,,
3,,Farm Count,,,,,,,,,,,,,,,,,,,,
4,,Yield (Mt/Ha),1.57,1.46,2.82,2.22,2.44,2.58,2.99,3.02,2.68,2.32,2.07,1.70,1.54,1.66,2.17,2.69,2.53,,,
1,Millet,Area planted (Ha),,,,,,,,,,,,"  32,110 ","  16,905 ","  9,129 ","  43,760 ","  23,404 ",,,,
2,,Area harvested (Ha),,,,,,,,,,,,,,,,,,,,
3,,Farm Count,,,,,,,,,,,,,,,,,,,,
4,,Yield (Mt/Ha),,,,,,,,,,,,  1.73 ,  1.25 ,  1.79 ,  1.09 ,  2.00 ,,,,
1,Rice (Paddy),Area planted (Ha),"  11,083 ","  28,259 ","  4,817 ","  1,933 ","  33,647 ","  23,983 ","  11,236 ","  16,538 ","  5,895 ","  18,073 ","  21,890 ","  77,422 ","  30,580 ","  18,115 ","  43,095 ","  10,737 ",,,,
2,,Area harvested (Ha),,,,,,,,,,,,,,,,,,,,
3,,Farm Count,,,,,,,,,,,,,,,,,,,,
4,,Yield (Mt/Ha),  3.11 ,  2.53 ,  3.37 ,  6.69 ,  5.47 ,  4.77 ,  4.32 ,  4.61 ,  2.59 ,  2.28 ,  0.82 ,  2.86 ,  3.20 ,  2.10 ,  2.95 ,  2.41 ,,,,
1,Sorghum,Area planted (Ha),,,,,,"  5,536 ",,,"  1,427 ","  1,953 ",,"  46,218 ","  14,670 ","  13,759 ","  56,225 ","  52,336 ",,,,
2,,Area harvested (Ha),,,,,,,,,,,,,,,,,,,,
3,,Farm Count,,,,,,,,,,,,,,,,,,,,
4,,Yield (Mt/Ha),,,,,,  1.53 ,,,  1.50 ,  2.02 ,,  1.94 ,  1.50 ,  1.70 ,  1.27 ,  1.97 ,,,,
1,Cassava,Area planted (Ha),"  52,082 ","  46,418 ","  156,031 ","  4,621 ","  47,742 ","  45,687 ","  228,440 ","  166,795 ","  75,927 ","  81,680 ","  45,606 ","  61,986 ","  1,311 ","  37,129 ",,,,,,
2,,Area harvested (Ha),,,,,,,,,,,,,,,,,,,,
3,,Farm Count,,,,,,,,,,,,,,,,,,,,
4,,Yield (Mt/Ha),  22.41 ,  15.29 ,  22.69 ,  22.72 ,  22.38 ,  23.11 ,  29.90 ,  26.21 ,  23.50 ,  25.18 ,  20.70 ,  12.36 ,  4.86 ,  15.91 ,,,,,,
1,Cocoyam,Area planted (Ha),"  6,076 ","  43,398 ","  9,037 ",,"  3,026 ","  6,803 ","  29,545 ","  70,109 ","  20,248 ","  1,617 ","  28,895 ",,,,,,,,,
2,,Area harvested (Ha),,,,,,,,,,,,,,,,,,,,
3,,Farm Count,,,,,,,,,,,,,,,,,,,,
4,,Yield (Mt/Ha),  8.44 ,  7.44 ,  6.09 ,,  5.86 ,  7.24 ,  9.23 ,  7.19 ,  7.09 ,  8.46 ,  7.59 ,,,,,,,,,
1,Plantain,Area planted (Ha),"  22,361 ","  71,854 ","  28,576 ",  272 ,"  3,809 ","  7,549 ","  88,990 ","  125,064 ","  32,237 ","  3,110 ","  64,109 ",,,,,,,,,
2,,Area harvested (Ha),,,,,,,,,,,,,,,,,,,,
3,,Farm Count,,,,,,,,,,,,,,,,,,,,
4,,Yield (Mt/Ha),  16.02 ,  14.08 ,  11.46 ,  24.25 ,  7.73 ,  7.76 ,  10.85 ,  15.49 ,  14.38 ,  11.31 ,  15.35 ,,,,,,,,,
1,Yam,Area planted (Ha),  975 ,"  10,775 ","  2,964 ",,"  12,088 ","  30,858 ","  41,299 ","  43,647 ","  41,185 ","  125,809 ","  1,575 ","  122,595 ","  4,491 ","  52,558 ",,"  60,539 ",,,,
2,,Area harvested (Ha),,,,,,,,,,,,,,,,,,,,
3,,Farm Count,,,,,,,,,,,,,,,,,,,,
4,,Yield (Mt/Ha),  9.52 ,  10.57 ,  7.85 ,,  15.55 ,  20.65 ,  21.81 ,  18.79 ,  16.49 ,  21.11 ,  13.15 ,  18.36 ,  3.62 ,  14.43 ,,  19.90 ,,,,
1,Soya Bean,Area planted (Ha),,,,,,  802 ,,,,,,"  54,022 ","  20,444 ","  9,183 ","  20,810 ","  20,560 ",,,,
2,,Area harvested (Ha),,,,,,,,,,,,,,,,,,,,
3,,Farm Count,,,,,,,,,,,,,,,,,,,,
4,,Yield (Mt/Ha),,,,,,  1.58 ,,,,,,  2.05 ,  1.30 ,  1.65 ,  1.40 ,  1.68 ,,,,
1,Groundnut,Area planted (Ha),,,,,  651 ,"  9,549 ","  10,938 ","  6,527 ","  2,826 ","  12,596 ",,"  58,610 ","  22,888 ","  28,754 ","  41,942 ","  77,354 ",,,,
2,,Area harvested (Ha),,,,,,,,,,,,,,,,,,,,
3,,Farm Count,,,,,,,,,,,,,,,,,,,,
4,,Yield (Mt/Ha),,,,,  2.60 ,  2.24 ,  1.62 ,  2.05 ,  1.20 ,  1.71 ,,  2.33 ,  1.51 ,  2.07 ,  1.32 ,  1.77 ,,,,
1,Cowpea,Area planted (Ha),,,,,"  3,891 ","  1,773 ","  1,797 ","  8,897 ","  1,957 ","  8,244 ",,"  33,427 ","  19,525 ","  10,440 ","  26,148 ","  63,664 ",,,,
2,,Area harvested (Ha),,,,,,,,,,,,,,,,,,,,
3,,Farm Count,,,,,,,,,,,,,,,,,,,,
4,,Yield (Mt/Ha),,,,,  3.00 ,  2.46 ,  1.63 ,  1.16 ,  0.99 ,  1.22 ,,  2.23 ,  1.73 ,  1.67 ,  1.36 ,  1.52 ,,,,
"Source: Statistics, Research and Information Directorate(SRID), MoFA ",,,,,,,,,,,,,,,,,,,,,,
,,,,,,,,,,,,,,,,,,,,,,
"Table 2.16: Crop production by Region, 2022",,,,,,,,,,,,,,,,,,,,,,
No.,Crops,Topic, Western , Western North, Central , Greater Accra , Volta ,Oti, Eastern , Ashanti ,Bono,Bono East,  Ahafo , Northern ,North East,Savannah, Upper East ,Upper West,,,,
1,Maize,Area planted (Ha),"  53,136 ","  27,955 ","  119,368 ","  6,769 ","  35,968 ","  20,359 ","  145,570 ","  169,476 ","  165,314 ","  106,144 ","  38,088 ","  159,109 ","  36,513 ","  47,253 ","  73,925 ","  102,681 ",,,,
2,,Area harvested (Ha),,,,,,,,,,,,,,,,,,,,
3,,Farm Count,,,,,,,,,,,,,,,,,,,,
4,,Yield (Mt/Ha),2.48,1.97,3.52,2.23,2.37,2.90,2.73,3.50,2.52,2.36,0.82,2.46,2.01,2.22,1.78,2.38,,,,
1,Millet,Area planted (Ha),,,,,,,,,,,,"  31,672 ","  18,860 ","  5,534 ","  45,219 ","  24,106 ",,,,
2,,Area harvested (Ha),,,,,,,,,,,,,,,,,,,,
3,,Farm Count,,,,,,,,,,,,,,,,,,,,
4,,Yield (Mt/Ha),,,,,,,,,,,,1.92,1.20,1.90,1.14,2.04,,,,
1,Rice (Paddy),Area planted (Ha),"  10,912 ","  23,212 ","  4,631 ","  2,068 ","  33,898 ","  25,062 ","  11,158 ","  16,621 ","  7,523 ","  19,700 ","  24,626 ","  89,614 ","  26,848 ","  36,279 ","  43,435 ","  11,059 ",,,,
2,,Area harvested (Ha),,,,,,,,,,,,,,,,,,,,
3,,Farm Count,,,,,,,,,,,,,,,,,,,,
4,,Yield (Mt/Ha),2.51,2.31,3.98,5.96,5.35,4.65,4.11,4.80,2.61,2.08,1.03,3.25,3.00,2.24,2.91,2.42,,,,
1,Sorghum,Area planted (Ha),,,,,,"  5,130 ",,,"  1,566 ","  1,836 ",,"  45,442 ","  13,927 ","  22,334 ","  57,171 ","  79,553 ",,,,
2,,Area harvested (Ha),,,,,,,,,,,,,,,,,,,,
3,,Farm Count,,,,,,,,,,,,,,,,,,,,
4,,Yield (Mt/Ha),,,,,,1.65,,,1.51,2.11,,2.51,1.45,1.94,1.30,2.01,,,,
1,Cassava,Area planted (Ha),"  50,965 ","  44,095 ","  162,629 ","  7,087 ","  49,125 ","  47,047 ","  232,992 ","  167,629 ","  76,155 ","  84,947 ","  46,728 ","  60,015 ","  6,103 ","  54,971 ",,,,,,
2,,Area harvested (Ha),,,,,,,,,,,,,,,,,,,,
3,,Farm Count,,,,,,,,,,,,,,,,,,,,
4,,Yield (Mt/Ha),22.13,14.92,22.99,22.41,23.93,24.48,29.94,27.30,23.58,27.19,11.29,10.64,4.70,18.52,,,,,,
1,Cocoyam,Area planted (Ha),"  5,940 ","  42,157 ","  9,236 ",,"  4,084 ","  7,061 ","  29,535 ","  70,460 ","  33,040 ","  1,649 ","  12,323 ",,,,,,,,,
2,,Area harvested (Ha),,,,,,,,,,,,,,,,,,,,
3,,Farm Count,,,,,,,,,,,,,,,,,,,,
4,,Yield (Mt/Ha),8.30,7.48,6.18,0.00,5.87,7.31,9.24,7.50,7.85,8.79,2.08,,,,,,,,,
1,Plantain,Area planted (Ha),"  23,202 ","  71,975 ","  24,370 ",  291 ,"  5,191 ","  7,284 ","  89,129 ","  125,689 ","  22,222 ","  3,234 ","  64,999 ",,,,,,,,,
2,,Area harvested (Ha),,,,,,,,,,,,,,,,,,,,
3,,Farm Count,,,,,,,,,,,,,,,,,,,,
4,,Yield (Mt/Ha),15.80,11.64,11.27,23.22,7.51,7.21,10.85,16.10,14.40,11.87,15.99,,,,,,,,,
1,Yam,Area planted (Ha),  955 ,"  11,922 ","  2,800 ",,"  17,851 ","  33,172 ","  42,147 ","  43,865 ","  41,667 ","  132,099 ","  2,125 ","  120,510 ","  17,053 ","  57,153 ",,"  61,144 ",,,,
2,,Area harvested (Ha),,,,,,,,,,,,,,,,,,,,
3,,Farm Count,,,,,,,,,,,,,,,,,,,,
4,,Yield (Mt/Ha),9.17,10.07,7.78,0.00,15.72,21.68,21.83,19.50,16.44,21.53,13.68,17.77,3.60,16.82,,20.06,,,,
1,Soya Bean,Area planted (Ha),,,,,,"  4,605 ",,,,,,"  56,664 ","  15,424 ","  14,954 ","  21,750 ","  25,580 ",,,,
2,,Area harvested (Ha),,,,,,,,,,,,,,,,,,,,
3,,Farm Count,,,,,,,,,,,,,,,,,,,,
4,,Yield (Mt/Ha),,,,,,1.57,,,,,,2.08,1.70,1.96,1.40,1.72,,,,
1,Groundnut,Area planted (Ha),,,,,  833 ,"  9,893 ","  11,012 ","  6,560 ","  3,411 ","  14,158 ",,"  59,749 ","  23,509 ","  51,580 ","  42,470 ","  81,222 ",,"  304,397 ",,
2,,Area harvested (Ha),,,,,,,,,,,,,,,,,,,,
3,,Farm Count,,,,,,,,,,,,,,,,,,,,
4,,Yield (Mt/Ha),,,,,2.12,2.00,1.64,2.10,1.22,1.78,,3.15,1.60,1.94,1.34,1.80,2.01,,,
1,Cowpea,Area planted (Ha),,,,,"  4,110 ","  1,784 ","  1,829 ","  8,941 ","  1,999 ","  9,316 ",,"  34,551 ","  14,396 ","  14,533 ","  26,409 ","  66,354 ",,,,
2,,Area harvested (Ha),,,,,,,,,,,,,,,,,,,,
3,,Farm Count,,,,,,,,,,,,,,,,,,,,
4,,Yield (Mt/Ha),,,,,2.61,2.52,1.65,2.20,1.06,1.29,,3.58,1.75,1.83,1.37,1.57,2.00,,,
"Source: Statistics, Research and Information Directorate(SRID), MoFA ",,,,,,,,,,,,,,,,,,,,,,
,,,,,,,,,,,,,,,,,,,,,,
,,,,,,,,,,,,,,,,,,,,,,
,What about the rest of the regions,,,,,,,,,,,,,,,,,,,,,